AimAng1,AimAang2,Aimx,Aimy,GV.currentx1,GV.currenty1,GV.startx,GV.starty,GV.finishx,GV.finishy,dist,GV.Set_SteerAng,GV.Steerangle,GV.gogo,GV.ToEndPoint,GVQual,Currentx1,Ccurrenty1
'83,'83,613498.323132597,5842741.41710513,613496.384218584,5842741.1735097,613496.905537372,5842743.23546881,613524.050307603,5842708.41659852,1.68,83,0,0,41.2,4,613496.384218584,5842741.1735097
'83,'83,613498.323132597,5842741.41710513,613496.384218584,5842741.1735097,613496.905537372,5842743.23546881,613524.050307603,5842708.41659852,1.68,83,0,0,41.2,4,613496.384218584,5842741.1735097
'83,'83,613498.323132597,5842741.41710513,613496.384218584,5842741.1735097,613496.905537372,5842743.23546881,613524.050307603,5842708.41659852,1.68,83,0,0,41.2,4,613496.384218584,5842741.1735097
'90,'90,613498.350639582,5842741.38182165,613496.733914346,5842741.38940439,613496.905537372,5842743.23546881,613524.050307603,5842708.41659852,1.27,90,0,0,41.2,4,613496.733914346,5842741.38940439
'90,'90,613498.350639582,5842741.38182165,613496.733914346,5842741.38940439,613496.905537372,5842743.23546881,613524.050307603,5842708.41659852,1.27,90,0,0,41.2,4,613496.733914346,5842741.38940439
'100,'100,613498.428914138,5842741.28141808,613497.109236951,5842741.52057931,613496.905537372,5842743.23546881,613524.050307603,5842708.41659852,0.89,100,0,0,41.2,4,613497.109236951,5842741.52057931
'100,'100,613498.428914138,5842741.28141808,613497.109236951,5842741.52057931,613496.905537372,5842743.23546881,613524.050307603,5842708.41659852,0.89,100,0,0,41.2,4,613497.109236951,5842741.52057931
'100,'100,613498.428914138,5842741.28141808,613497.109236951,5842741.52057931,613496.905537372,5842743.23546881,613524.050307603,5842708.41659852,0.89,100,0,0,41.2,4,613497.109236951,5842741.52057931
'115,'115,613498.529523316,5842741.15236568,613497.518243101,5842741.631953,613496.905537372,5842743.23546881,613524.050307603,5842708.41659852,0.5,115,0,0,41.1,4,613497.518243101,5842741.631953
'115,'115,613498.529523316,5842741.15236568,613497.518243101,5842741.631953,613496.905537372,5842743.23546881,613524.050307603,5842708.41659852,0.5,115,0,0,41.1,4,613497.518243101,5842741.631953
'134,'134,613498.674238796,5842740.96673767,613497.943049406,5842741.66468363,613496.905537372,5842743.23546881,613524.050307603,5842708.41659852,0.15,134,0,0,41,4,613497.943049406,5842741.66468363
'134,'134,613498.674238796,5842740.96673767,613497.943049406,5842741.66468363,613496.905537372,5842743.23546881,613524.050307603,5842708.41659852,0.15,134,0,0,41,4,613497.943049406,5842741.66468363
'134,'134,613498.674238796,5842740.96673767,613497.943049406,5842741.66468363,613496.905537372,5842743.23546881,613524.050307603,5842708.41659852,0.15,134,0,0,41,4,613497.943049406,5842741.66468363
'149,'149,613498.854781014,5842740.73515435,613498.335816305,5842741.59855054,613496.905537372,5842743.23546881,613524.050307603,5842708.41659852,0.12,149,0,0,40.8,4,613498.335816305,5842741.59855054
'149,'149,613498.854781014,5842740.73515435,613498.335816305,5842741.59855054,613496.905537372,5842743.23546881,613524.050307603,5842708.41659852,0.12,149,0,0,40.8,4,613498.335816305,5842741.59855054
'149,'149,613498.854781014,5842740.73515435,613498.335816305,5842741.59855054,613496.905537372,5842743.23546881,613524.050307603,5842708.41659852,0.12,149,0,0,40.8,4,613498.335816305,5842741.59855054
'157,'157,613499.110437994,5842740.40722057,613498.706807292,5842741.36053108,613496.905537372,5842743.23546881,613524.050307603,5842708.41659852,0.27,157,0,0,40.4,4,613498.706807292,5842741.36053108
'157,'157,613499.110437994,5842740.40722057,613498.706807292,5842741.36053108,613496.905537372,5842743.23546881,613524.050307603,5842708.41659852,0.27,157,0,0,40.4,4,613498.706807292,5842741.36053108
'158,'158,613499.381171901,5842740.05994746,613498.991135986,5842741.02385646,613496.905537372,5842743.23546881,613524.050307603,5842708.41659852,0.29,158,0,0,40,4,613498.991135986,5842741.02385646
'158,'158,613499.381171901,5842740.05994746,613498.991135986,5842741.02385646,613496.905537372,5842743.23546881,613524.050307603,5842708.41659852,0.29,158,0,0,40,4,613498.991135986,5842741.02385646
'158,'158,613499.381171901,5842740.05994746,613498.991135986,5842741.02385646,613496.905537372,5842743.23546881,613524.050307603,5842708.41659852,0.29,158,0,0,40,4,613498.991135986,5842741.02385646
'158,'158,613499.627155755,5842739.74442149,613499.236911056,5842740.70816772,613496.905537372,5842743.23546881,613524.050307603,5842708.41659852,0.28,158,0,0,39.6,4,613499.236911056,5842740.70816772
'158,'158,613499.627155755,5842739.74442149,613499.236911056,5842740.70816772,613496.905537372,5842743.23546881,613524.050307603,5842708.41659852,0.28,158,0,0,39.6,4,613499.236911056,5842740.70816772
'158,'158,613499.879562164,5842739.42065724,613499.497257458,5842740.39059349,613496.905537372,5842743.23546881,613524.050307603,5842708.41659852,0.29,158,0,0,39.2,4,613499.497257458,5842740.39059349
'158,'158,613499.879562164,5842739.42065724,613499.497257458,5842740.39059349,613496.905537372,5842743.23546881,613524.050307603,5842708.41659852,0.29,158,0,0,39.2,4,613499.497257458,5842740.39059349
'158,'158,613499.879562164,5842739.42065724,613499.497257458,5842740.39059349,613496.905537372,5842743.23546881,613524.050307603,5842708.41659852,0.29,158,0,0,39.2,4,613499.497257458,5842740.39059349
'161,'161,613500.166651212,5842739.05240523,613499.822508006,5842740.05209216,613496.905537372,5842743.23546881,613524.050307603,5842708.41659852,0.34,161,0,0,38.7,4,613499.822508006,5842740.05209216
'161,'161,613500.166651212,5842739.05240523,613499.822508006,5842740.05209216,613496.905537372,5842743.23546881,613524.050307603,5842708.41659852,0.34,161,0,0,38.7,4,613499.822508006,5842740.05209216
'160,'160,613500.434713347,5842738.70855923,613500.07894951,5842739.69918672,613496.905537372,5842743.23546881,613524.050307603,5842708.41659852,0.33,160,0,0,38.3,4,613500.07894951,5842739.69918672
'160,'160,613500.434713347,5842738.70855923,613500.07894951,5842739.69918672,613496.905537372,5842743.23546881,613524.050307603,5842708.41659852,0.33,160,0,0,38.3,4,613500.07894951,5842739.69918672
'160,'160,613500.434713347,5842738.70855923,613500.07894951,5842739.69918672,613496.905537372,5842743.23546881,613524.050307603,5842708.41659852,0.33,160,0,0,38.3,4,613500.07894951,5842739.69918672
'160,'160,613500.655078529,5842738.42589459,613500.292876661,5842739.41150299,613496.905537372,5842743.23546881,613524.050307603,5842708.41659852,0.32,160,0,0,38,4,613500.292876661,5842739.41150299
'160,'160,613500.655078529,5842738.42589459,613500.292876661,5842739.41150299,613496.905537372,5842743.23546881,613524.050307603,5842708.41659852,0.32,160,0,0,38,4,613500.292876661,5842739.41150299
'161,'161,613500.892672847,5842738.12112996,613500.542015637,5842739.11573858,613496.905537372,5842743.23546881,613524.050307603,5842708.41659852,0.33,161,0,0,37.6,4,613500.542015637,5842739.11573858
'161,'161,613500.892672847,5842738.12112996,613500.542015637,5842739.11573858,613496.905537372,5842743.23546881,613524.050307603,5842708.41659852,0.33,161,0,0,37.6,4,613500.542015637,5842739.11573858
'161,'161,613500.892672847,5842738.12112996,613500.542015637,5842739.11573858,613496.905537372,5842743.23546881,613524.050307603,5842708.41659852,0.33,161,0,0,37.6,4,613500.542015637,5842739.11573858
'159,'159,613501.144944954,5842737.79753799,613500.777470491,5842738.77903588,613496.905537372,5842743.23546881,613524.050307603,5842708.41659852,0.31,159,0,0,37.2,4,613500.777470491,5842738.77903588
'159,'159,613501.144944954,5842737.79753799,613500.777470491,5842738.77903588,613496.905537372,5842743.23546881,613524.050307603,5842708.41659852,0.31,159,0,0,37.2,4,613500.777470491,5842738.77903588
'161,'161,613501.383908394,5842737.49101718,613501.03917225,5842738.49024185,613496.905537372,5842743.23546881,613524.050307603,5842708.41659852,0.34,161,0,0,36.8,4,613501.03917225,5842738.49024185
'161,'161,613501.383908394,5842737.49101718,613501.03917225,5842738.49024185,613496.905537372,5842743.23546881,613524.050307603,5842708.41659852,0.34,161,0,0,36.8,4,613501.03917225,5842738.49024185
'161,'161,613501.383908394,5842737.49101718,613501.03917225,5842738.49024185,613496.905537372,5842743.23546881,613524.050307603,5842708.41659852,0.34,161,0,0,36.8,4,613501.03917225,5842738.49024185
'162,'162,613501.635478511,5842737.16832565,613501.306557839,5842738.17988006,613496.905537372,5842743.23546881,613524.050307603,5842708.41659852,0.36,162,0,0,36.4,4,613501.306557839,5842738.17988006
'162,'162,613501.635478511,5842737.16832565,613501.306557839,5842738.17988006,613496.905537372,5842743.23546881,613524.050307603,5842708.41659852,0.36,162,0,0,36.4,4,613501.306557839,5842738.17988006
'162,'162,613501.635478511,5842737.16832565,613501.306557839,5842738.17988006,613496.905537372,5842743.23546881,613524.050307603,5842708.41659852,0.36,162,0,0,36.4,4,613501.306557839,5842738.17988006
'162,'162,613501.901812392,5842736.8266965,613501.576190013,5842737.84082225,613496.905537372,5842743.23546881,613524.050307603,5842708.41659852,0.37,162,0,0,36,4,613501.576190013,5842737.84082225
'162,'162,613501.901812392,5842736.8266965,613501.576190013,5842737.84082225,613496.905537372,5842743.23546881,613524.050307603,5842708.41659852,0.37,162,0,0,36,4,613501.576190013,5842737.84082225
'161,'161,613502.168779908,5842736.48425458,613501.831363372,5842737.48918561,613496.905537372,5842743.23546881,613524.050307603,5842708.41659852,0.35,161,0,0,35.6,4,613501.831363372,5842737.48918561
'161,'161,613502.168779908,5842736.48425458,613501.831363372,5842737.48918561,613496.905537372,5842743.23546881,613524.050307603,5842708.41659852,0.35,161,0,0,35.6,4,613501.831363372,5842737.48918561
'161,'161,613502.168779908,5842736.48425458,613501.831363372,5842737.48918561,613496.905537372,5842743.23546881,613524.050307603,5842708.41659852,0.35,161,0,0,35.6,4,613501.831363372,5842737.48918561
'161,'161,613502.41313621,5842736.17081629,613502.073190775,5842737.17377579,613496.905537372,5842743.23546881,613524.050307603,5842708.41659852,0.35,161,0,0,35.2,4,613502.073190775,5842737.17377579
'161,'161,613502.41313621,5842736.17081629,613502.073190775,5842737.17377579,613496.905537372,5842743.23546881,613524.050307603,5842708.41659852,0.35,161,0,0,35.2,4,613502.073190775,5842737.17377579
'161,'161,613502.652658081,5842735.86357917,613502.30649448,5842736.861691,613496.905537372,5842743.23546881,613524.050307603,5842708.41659852,0.34,161,0,0,34.8,4,613502.30649448,5842736.861691
'161,'161,613502.652658081,5842735.86357917,613502.30649448,5842736.861691,613496.905537372,5842743.23546881,613524.050307603,5842708.41659852,0.34,161,0,0,34.8,4,613502.30649448,5842736.861691
'161,'161,613502.652658081,5842735.86357917,613502.30649448,5842736.861691,613496.905537372,5842743.23546881,613524.050307603,5842708.41659852,0.34,161,0,0,34.8,4,613502.30649448,5842736.861691
'163,'163,613502.90071968,5842735.54538806,613502.592516605,5842736.57309389,613496.905537372,5842743.23546881,613524.050307603,5842708.41659852,0.39,163,0,0,34.4,4,613502.592516605,5842736.57309389
'163,'163,613502.90071968,5842735.54538806,613502.592516605,5842736.57309389,613496.905537372,5842743.23546881,613524.050307603,5842708.41659852,0.39,163,0,0,34.4,4,613502.592516605,5842736.57309389
'161,'161,613503.161465786,5842735.2109264,613502.821404522,5842736.21379561,613496.905537372,5842743.23546881,613524.050307603,5842708.41659852,0.35,161,0,0,34,4,613502.821404522,5842736.21379561
'161,'161,613503.161465786,5842735.2109264,613502.821404522,5842736.21379561,613496.905537372,5842743.23546881,613524.050307603,5842708.41659852,0.35,161,0,0,34,4,613502.821404522,5842736.21379561
'161,'161,613503.161465786,5842735.2109264,613502.821404522,5842736.21379561,613496.905537372,5842743.23546881,613524.050307603,5842708.41659852,0.35,161,0,0,34,4,613502.821404522,5842736.21379561
'160,'160,613503.403372683,5842734.90062998,613503.05017583,5842735.8932587,613496.905537372,5842743.23546881,613524.050307603,5842708.41659852,0.33,160,0,0,33.6,4,613503.05017583,5842735.8932587
'160,'160,613503.403372683,5842734.90062998,613503.05017583,5842735.8932587,613496.905537372,5842743.23546881,613524.050307603,5842708.41659852,0.33,160,0,0,33.6,4,613503.05017583,5842735.8932587
'160,'160,613503.642610978,5842734.59375661,613503.289328132,5842735.58631828,613496.905537372,5842743.23546881,613524.050307603,5842708.41659852,0.33,160,0,0,33.3,4,613503.289328132,5842735.58631828
'160,'160,613503.642610978,5842734.59375661,613503.289328132,5842735.58631828,613496.905537372,5842743.23546881,613524.050307603,5842708.41659852,0.33,160,0,0,33.3,4,613503.289328132,5842735.58631828
'160,'160,613503.642610978,5842734.59375661,613503.289328132,5842735.58631828,613496.905537372,5842743.23546881,613524.050307603,5842708.41659852,0.33,160,0,0,33.3,4,613503.289328132,5842735.58631828
'161,'161,613503.902872091,5842734.25991706,613503.563982292,5842735.26369954,613496.905537372,5842743.23546881,613524.050307603,5842708.41659852,0.35,161,0,0,32.9,4,613503.563982292,5842735.26369954
'161,'161,613503.902872091,5842734.25991706,613503.563982292,5842735.26369954,613496.905537372,5842743.23546881,613524.050307603,5842708.41659852,0.35,161,0,0,32.9,4,613503.563982292,5842735.26369954
'162,'162,613504.175666312,5842733.91000116,613503.843874415,5842734.91931717,613496.905537372,5842743.23546881,613524.050307603,5842708.41659852,0.36,162,0,0,32.4,4,613503.843874415,5842734.91931717
'162,'162,613504.175666312,5842733.91000116,613503.843874415,5842734.91931717,613496.905537372,5842743.23546881,613524.050307603,5842708.41659852,0.36,162,0,0,32.4,4,613503.843874415,5842734.91931717
'162,'162,613504.175666312,5842733.91000116,613503.843874415,5842734.91931717,613496.905537372,5842743.23546881,613524.050307603,5842708.41659852,0.36,162,0,0,32.4,4,613503.843874415,5842734.91931717
'161,'161,613504.449576938,5842733.55865324,613504.10645491,5842734.55913628,613496.905537372,5842743.23546881,613524.050307603,5842708.41659852,0.34,161,0,0,32,4,613504.10645491,5842734.55913628
'161,'161,613504.449576938,5842733.55865324,613504.10645491,5842734.55913628,613496.905537372,5842743.23546881,613524.050307603,5842708.41659852,0.34,161,0,0,32,4,613504.10645491,5842734.55913628
'161,'161,613504.449576938,5842733.55865324,613504.10645491,5842734.55913628,613496.905537372,5842743.23546881,613524.050307603,5842708.41659852,0.34,161,0,0,32,4,613504.10645491,5842734.55913628
'162,'162,613504.699490811,5842733.2380862,613504.368343097,5842734.24790441,613496.905537372,5842743.23546881,613524.050307603,5842708.41659852,0.36,162,0,0,31.6,4,613504.368343097,5842734.24790441
'162,'162,613504.699490811,5842733.2380862,613504.368343097,5842734.24790441,613496.905537372,5842743.23546881,613524.050307603,5842708.41659852,0.36,162,0,0,31.6,4,613504.368343097,5842734.24790441
'161,'161,613504.973882444,5842732.88612129,613504.625858733,5842733.88278298,613496.905537372,5842743.23546881,613524.050307603,5842708.41659852,0.34,161,0,0,31.2,4,613504.625858733,5842733.88278298
'161,'161,613504.973882444,5842732.88612129,613504.625858733,5842733.88278298,613496.905537372,5842743.23546881,613524.050307603,5842708.41659852,0.34,161,0,0,31.2,4,613504.625858733,5842733.88278298
'161,'161,613504.973882444,5842732.88612129,613504.625858733,5842733.88278298,613496.905537372,5842743.23546881,613524.050307603,5842708.41659852,0.34,161,0,0,31.2,4,613504.625858733,5842733.88278298
'162,'162,613505.257601662,5842732.52219179,613504.931374205,5842733.53584582,613496.905537372,5842743.23546881,613524.050307603,5842708.41659852,0.37,162,0,0,30.7,4,613504.931374205,5842733.53584582
'162,'162,613505.257601662,5842732.52219179,613504.931374205,5842733.53584582,613496.905537372,5842743.23546881,613524.050307603,5842708.41659852,0.37,162,0,0,30.7,4,613504.931374205,5842733.53584582
'163,'163,613505.524963812,5842732.17924367,613505.210677841,5842733.20220728,613496.905537372,5842743.23546881,613524.050307603,5842708.41659852,0.38,163,0,0,30.3,4,613505.210677841,5842733.20220728
'163,'163,613505.524963812,5842732.17924367,613505.210677841,5842733.20220728,613496.905537372,5842743.23546881,613524.050307603,5842708.41659852,0.38,163,0,0,30.3,4,613505.210677841,5842733.20220728
'163,'163,613505.524963812,5842732.17924367,613505.210677841,5842733.20220728,613496.905537372,5842743.23546881,613524.050307603,5842708.41659852,0.38,163,0,0,30.3,4,613505.210677841,5842733.20220728
'163,'163,613505.82295165,5842731.79701166,613505.505807965,5842732.8177474,613496.905537372,5842743.23546881,613524.050307603,5842708.41659852,0.38,163,0,0,29.8,4,613505.505807965,5842732.8177474
'163,'163,613505.82295165,5842731.79701166,613505.505807965,5842732.8177474,613496.905537372,5842743.23546881,613524.050307603,5842708.41659852,0.38,163,0,0,29.8,4,613505.505807965,5842732.8177474
'162,'162,613506.083724518,5842731.46251568,613505.756596656,5842732.47546776,613496.905537372,5842743.23546881,613524.050307603,5842708.41659852,0.36,162,0,0,29.4,4,613505.756596656,5842732.47546776
'162,'162,613506.083724518,5842731.46251568,613505.756596656,5842732.47546776,613496.905537372,5842743.23546881,613524.050307603,5842708.41659852,0.36,162,0,0,29.4,4,613505.756596656,5842732.47546776
'162,'162,613506.083724518,5842731.46251568,613505.756596656,5842732.47546776,613496.905537372,5842743.23546881,613524.050307603,5842708.41659852,0.36,162,0,0,29.4,4,613505.756596656,5842732.47546776
'161,'161,613506.362214906,5842731.10529325,613506.018177365,5842732.10506256,613496.905537372,5842743.23546881,613524.050307603,5842708.41659852,0.34,161,0,0,29,4,613506.018177365,5842732.10506256
'161,'161,613506.362214906,5842731.10529325,613506.018177365,5842732.10506256,613496.905537372,5842743.23546881,613524.050307603,5842708.41659852,0.34,161,0,0,29,4,613506.018177365,5842732.10506256
'162,'162,613506.627466641,5842730.76505218,613506.302026626,5842731.7793201,613496.905537372,5842743.23546881,613524.050307603,5842708.41659852,0.37,162,0,0,28.6,4,613506.302026626,5842731.7793201
'162,'162,613506.627466641,5842730.76505218,613506.302026626,5842731.7793201,613496.905537372,5842743.23546881,613524.050307603,5842708.41659852,0.37,162,0,0,28.6,4,613506.302026626,5842731.7793201
'162,'162,613506.627466641,5842730.76505218,613506.302026626,5842731.7793201,613496.905537372,5842743.23546881,613524.050307603,5842708.41659852,0.37,162,0,0,28.6,4,613506.302026626,5842731.7793201
'162,'162,613506.914766255,5842730.39653007,613506.58713974,5842731.4090934,613496.905537372,5842743.23546881,613524.050307603,5842708.41659852,0.36,162,0,0,28.1,4,613506.58713974,5842731.4090934
'162,'162,613506.914766255,5842730.39653007,613506.58713974,5842731.4090934,613496.905537372,5842743.23546881,613524.050307603,5842708.41659852,0.36,162,0,0,28.1,4,613506.58713974,5842731.4090934
'161,'161,613507.172935318,5842730.06537401,613506.832054156,5842731.06760403,613496.905537372,5842743.23546881,613524.050307603,5842708.41659852,0.35,161,0,0,27.7,4,613506.832054156,5842731.06760403
'161,'161,613507.172935318,5842730.06537401,613506.832054156,5842731.06760403,613496.905537372,5842743.23546881,613524.050307603,5842708.41659852,0.35,161,0,0,27.7,4,613506.832054156,5842731.06760403
'161,'161,613507.172935318,5842730.06537401,613506.832054156,5842731.06760403,613496.905537372,5842743.23546881,613524.050307603,5842708.41659852,0.35,161,0,0,27.7,4,613506.832054156,5842731.06760403
'160,'160,613507.425483922,5842729.74142737,613507.069734914,5842730.73206642,613496.905537372,5842743.23546881,613524.050307603,5842708.41659852,0.33,160,0,0,27.3,4,613507.069734914,5842730.73206642
'160,'160,613507.425483922,5842729.74142737,613507.069734914,5842730.73206642,613496.905537372,5842743.23546881,613524.050307603,5842708.41659852,0.33,160,0,0,27.3,4,613507.069734914,5842730.73206642
'160,'160,613507.425483922,5842729.74142737,613507.069734914,5842730.73206642,613496.905537372,5842743.23546881,613524.050307603,5842708.41659852,0.33,160,0,0,27.3,4,613507.069734914,5842730.73206642
'159,'159,613507.697926799,5842729.39196215,613507.322181693,5842730.36701225,613496.905537372,5842743.23546881,613524.050307603,5842708.41659852,0.3,159,0,0,26.9,4,613507.322181693,5842730.36701225
'159,'159,613507.697926799,5842729.39196215,613507.322181693,5842730.36701225,613496.905537372,5842743.23546881,613524.050307603,5842708.41659852,0.3,159,0,0,26.9,4,613507.322181693,5842730.36701225
'160,'160,613507.947296989,5842729.07209249,613507.585040003,5842730.05765793,613496.905537372,5842743.23546881,613524.050307603,5842708.41659852,0.32,160,0,0,26.5,4,613507.585040003,5842730.05765793
'160,'160,613507.947296989,5842729.07209249,613507.585040003,5842730.05765793,613496.905537372,5842743.23546881,613524.050307603,5842708.41659852,0.32,160,0,0,26.5,4,613507.585040003,5842730.05765793
'160,'160,613507.947296989,5842729.07209249,613507.585040003,5842730.05765793,613496.905537372,5842743.23546881,613524.050307603,5842708.41659852,0.32,160,0,0,26.5,4,613507.585040003,5842730.05765793
'160,'160,613508.220423337,5842728.72175057,613507.862404559,5842729.71062011,613496.905537372,5842743.23546881,613524.050307603,5842708.41659852,0.33,160,0,0,26,4,613507.862404559,5842729.71062011
'160,'160,613508.220423337,5842728.72175057,613507.862404559,5842729.71062011,613496.905537372,5842743.23546881,613524.050307603,5842708.41659852,0.33,160,0,0,26,4,613507.862404559,5842729.71062011
'160,'160,613508.489174697,5842728.3770205,613508.127838481,5842729.36330376,613496.905537372,5842743.23546881,613524.050307603,5842708.41659852,0.32,160,0,0,25.6,4,613508.127838481,5842729.36330376
'160,'160,613508.489174697,5842728.3770205,613508.127838481,5842729.36330376,613496.905537372,5842743.23546881,613524.050307603,5842708.41659852,0.32,160,0,0,25.6,4,613508.127838481,5842729.36330376
'160,'160,613508.489174697,5842728.3770205,613508.127838481,5842729.36330376,613496.905537372,5842743.23546881,613524.050307603,5842708.41659852,0.32,160,0,0,25.6,4,613508.127838481,5842729.36330376
'160,'160,613508.754844776,5842728.03624281,613508.396887187,5842729.02516005,613496.905537372,5842743.23546881,613524.050307603,5842708.41659852,0.33,160,0,0,25.2,4,613508.396887187,5842729.02516005
'160,'160,613508.754844776,5842728.03624281,613508.396887187,5842729.02516005,613496.905537372,5842743.23546881,613524.050307603,5842708.41659852,0.33,160,0,0,25.2,4,613508.396887187,5842729.02516005
'160,'160,613509.031097249,5842727.68189098,613508.6751739,5842728.67239412,613496.905537372,5842743.23546881,613524.050307603,5842708.41659852,0.33,160,0,0,24.8,4,613508.6751739,5842728.67239412
'160,'160,613509.031097249,5842727.68189098,613508.6751739,5842728.67239412,613496.905537372,5842743.23546881,613524.050307603,5842708.41659852,0.33,160,0,0,24.8,4,613508.6751739,5842728.67239412
'160,'160,613509.031097249,5842727.68189098,613508.6751739,5842728.67239412,613496.905537372,5842743.23546881,613524.050307603,5842708.41659852,0.33,160,0,0,24.8,4,613508.6751739,5842728.67239412
'161,'161,613509.290879451,5842727.34866573,613508.940183787,5842728.34324436,613496.905537372,5842743.23546881,613524.050307603,5842708.41659852,0.33,161,0,0,24.3,4,613508.940183787,5842728.34324436
'161,'161,613509.290879451,5842727.34866573,613508.940183787,5842728.34324436,613496.905537372,5842743.23546881,613524.050307603,5842708.41659852,0.33,161,0,0,24.3,4,613508.940183787,5842728.34324436
'161,'161,613509.290879451,5842727.34866573,613508.940183787,5842728.34324436,613496.905537372,5842743.23546881,613524.050307603,5842708.41659852,0.33,161,0,0,24.3,4,613508.940183787,5842728.34324436
'161,'161,613509.572603491,5842726.98729547,613509.222600384,5842727.98241402,613496.905537372,5842743.23546881,613524.050307603,5842708.41659852,0.34,161,0,0,23.9,4,613509.222600384,5842727.98241402
'161,'161,613509.572603491,5842726.98729547,613509.222600384,5842727.98241402,613496.905537372,5842743.23546881,613524.050307603,5842708.41659852,0.34,161,0,0,23.9,4,613509.222600384,5842727.98241402
'162,'162,613509.842364926,5842726.64126975,613509.515069081,5842727.65409087,613496.905537372,5842743.23546881,613524.050307603,5842708.41659852,0.36,162,0,0,23.5,4,613509.515069081,5842727.65409087
'162,'162,613509.842364926,5842726.64126975,613509.515069081,5842727.65409087,613496.905537372,5842743.23546881,613524.050307603,5842708.41659852,0.36,162,0,0,23.5,4,613509.515069081,5842727.65409087
'162,'162,613509.842364926,5842726.64126975,613509.515069081,5842727.65409087,613496.905537372,5842743.23546881,613524.050307603,5842708.41659852,0.36,162,0,0,23.5,4,613509.515069081,5842727.65409087
'164,'164,613510.118893518,5842726.28656374,613509.818143794,5842727.3200802,613496.905537372,5842743.23546881,613524.050307603,5842708.41659852,0.4,164,0,0,23.1,4,613509.818143794,5842727.3200802
'164,'164,613510.118893518,5842726.28656374,613509.818143794,5842727.3200802,613496.905537372,5842743.23546881,613524.050307603,5842708.41659852,0.4,164,0,0,23.1,4,613509.818143794,5842727.3200802
'163,'163,613510.396768518,5842725.93013068,613510.076820321,5842726.94868002,613496.905537372,5842743.23546881,613524.050307603,5842708.41659852,0.37,163,0,0,22.6,4,613510.076820321,5842726.94868002
'163,'163,613510.396768518,5842725.93013068,613510.076820321,5842726.94868002,613496.905537372,5842743.23546881,613524.050307603,5842708.41659852,0.37,163,0,0,22.6,4,613510.076820321,5842726.94868002
'163,'163,613510.396768518,5842725.93013068,613510.076820321,5842726.94868002,613496.905537372,5842743.23546881,613524.050307603,5842708.41659852,0.37,163,0,0,22.6,4,613510.076820321,5842726.94868002
'161,'161,613510.649839472,5842725.60551402,613510.309549112,5842726.60820462,613496.905537372,5842743.23546881,613524.050307603,5842708.41659852,0.35,161,0,0,22.2,4,613510.309549112,5842726.60820462
'161,'161,613510.649839472,5842725.60551402,613510.309549112,5842726.60820462,613496.905537372,5842743.23546881,613524.050307603,5842708.41659852,0.35,161,0,0,22.2,4,613510.309549112,5842726.60820462
'161,'161,613510.649839472,5842725.60551402,613510.309549112,5842726.60820462,613496.905537372,5842743.23546881,613524.050307603,5842708.41659852,0.35,161,0,0,22.2,4,613510.309549112,5842726.60820462
'162,'162,613510.894439891,5842725.2917626,613510.56455072,5842726.30256196,613496.905537372,5842743.23546881,613524.050307603,5842708.41659852,0.36,162,0,0,21.8,4,613510.56455072,5842726.30256196
'162,'162,613510.894439891,5842725.2917626,613510.56455072,5842726.30256196,613496.905537372,5842743.23546881,613524.050307603,5842708.41659852,0.36,162,0,0,21.8,4,613510.56455072,5842726.30256196
'164,'164,613511.155783145,5842724.95653497,613510.85319285,5842725.98861652,613496.905537372,5842743.23546881,613524.050307603,5842708.41659852,0.4,164,0,0,21.4,4,613510.85319285,5842725.98861652
'164,'164,613511.155783145,5842724.95653497,613510.85319285,5842725.98861652,613496.905537372,5842743.23546881,613524.050307603,5842708.41659852,0.4,164,0,0,21.4,4,613510.85319285,5842725.98861652
'164,'164,613511.155783145,5842724.95653497,613510.85319285,5842725.98861652,613496.905537372,5842743.23546881,613524.050307603,5842708.41659852,0.4,164,0,0,21.4,4,613510.85319285,5842725.98861652
'164,'164,613511.451364642,5842724.57738961,613511.14887364,5842725.60954857,613496.905537372,5842743.23546881,613524.050307603,5842708.41659852,0.4,164,0,0,20.9,4,613511.14887364,5842725.60954857
'164,'164,613511.451364642,5842724.57738961,613511.14887364,5842725.60954857,613496.905537372,5842743.23546881,613524.050307603,5842708.41659852,0.4,164,0,0,20.9,4,613511.14887364,5842725.60954857
'163,'163,613511.744216783,5842724.20174521,613511.430489582,5842725.22514444,613496.905537372,5842743.23546881,613524.050307603,5842708.41659852,0.38,163,0,0,20.5,4,613511.430489582,5842725.22514444
'163,'163,613511.744216783,5842724.20174521,613511.430489582,5842725.22514444,613496.905537372,5842743.23546881,613524.050307603,5842708.41659852,0.38,163,0,0,20.5,4,613511.430489582,5842725.22514444
'163,'163,613511.744216783,5842724.20174521,613511.430489582,5842725.22514444,613496.905537372,5842743.23546881,613524.050307603,5842708.41659852,0.38,163,0,0,20.5,4,613511.430489582,5842725.22514444
'162,'162,613511.995234841,5842723.87976182,613511.659582204,5842724.88606799,613496.905537372,5842743.23546881,613524.050307603,5842708.41659852,0.35,162,0,0,20.1,4,613511.659582204,5842724.88606799
'162,'162,613511.995234841,5842723.87976182,613511.659582204,5842724.88606799,613496.905537372,5842743.23546881,613524.050307603,5842708.41659852,0.35,162,0,0,20.1,4,613511.659582204,5842724.88606799
'161,'161,613512.258487821,5842723.54208457,613511.92154917,5842724.54738817,613496.905537372,5842743.23546881,613524.050307603,5842708.41659852,0.35,161,0,0,19.7,4,613511.92154917,5842724.54738817
'161,'161,613512.258487821,5842723.54208457,613511.92154917,5842724.54738817,613496.905537372,5842743.23546881,613524.050307603,5842708.41659852,0.35,161,0,0,19.7,4,613511.92154917,5842724.54738817
'161,'161,613512.258487821,5842723.54208457,613511.92154917,5842724.54738817,613496.905537372,5842743.23546881,613524.050307603,5842708.41659852,0.35,161,0,0,19.7,4,613511.92154917,5842724.54738817
'162,'162,613512.533116246,5842723.18981592,613512.205953274,5842724.20274063,613496.905537372,5842743.23546881,613524.050307603,5842708.41659852,0.36,162,0,0,19.2,4,613512.205953274,5842724.20274063
'162,'162,613512.533116246,5842723.18981592,613512.205953274,5842724.20274063,613496.905537372,5842743.23546881,613524.050307603,5842708.41659852,0.36,162,0,0,19.2,4,613512.205953274,5842724.20274063
'162,'162,613512.791028712,5842722.858989,613512.461695259,5842723.87022161,613496.905537372,5842743.23546881,613524.050307603,5842708.41659852,0.36,162,0,0,18.8,4,613512.461695259,5842723.87022161
'162,'162,613512.791028712,5842722.858989,613512.461695259,5842723.87022161,613496.905537372,5842743.23546881,613524.050307603,5842708.41659852,0.36,162,0,0,18.8,4,613512.461695259,5842723.87022161
'162,'162,613512.791028712,5842722.858989,613512.461695259,5842723.87022161,613496.905537372,5842743.23546881,613524.050307603,5842708.41659852,0.36,162,0,0,18.8,4,613512.461695259,5842723.87022161
'163,'163,613513.064443976,5842722.50827649,613512.751129749,5842723.53199767,613496.905537372,5842743.23546881,613524.050307603,5842708.41659852,0.38,163,0,0,18.4,4,613512.751129749,5842723.53199767
'163,'163,613513.064443976,5842722.50827649,613512.751129749,5842723.53199767,613496.905537372,5842743.23546881,613524.050307603,5842708.41659852,0.38,163,0,0,18.4,4,613512.751129749,5842723.53199767
'163,'163,613513.064443976,5842722.50827649,613512.751129749,5842723.53199767,613496.905537372,5842743.23546881,613524.050307603,5842708.41659852,0.38,163,0,0,18.4,4,613512.751129749,5842723.53199767
'164,'164,613513.339998328,5842722.15482015,613513.043209279,5842723.19142435,613496.905537372,5842743.23546881,613524.050307603,5842708.41659852,0.4,164,0,0,18,4,613513.043209279,5842723.19142435
'164,'164,613513.339998328,5842722.15482015,613513.043209279,5842723.19142435,613496.905537372,5842743.23546881,613524.050307603,5842708.41659852,0.4,164,0,0,18,4,613513.043209279,5842723.19142435
'163,'163,613513.618718546,5842721.79730291,613513.311548581,5842722.82581416,613496.905537372,5842743.23546881,613524.050307603,5842708.41659852,0.39,163,0,0,17.5,4,613513.311548581,5842722.82581416
'163,'163,613513.618718546,5842721.79730291,613513.311548581,5842722.82581416,613496.905537372,5842743.23546881,613524.050307603,5842708.41659852,0.39,163,0,0,17.5,4,613513.311548581,5842722.82581416
'163,'163,613513.618718546,5842721.79730291,613513.311548581,5842722.82581416,613496.905537372,5842743.23546881,613524.050307603,5842708.41659852,0.39,163,0,0,17.5,4,613513.311548581,5842722.82581416
'162,'162,613513.871877565,5842721.47257329,613513.539857873,5842722.4817117,613496.905537372,5842743.23546881,613524.050307603,5842708.41659852,0.36,162,0,0,17.1,4,613513.539857873,5842722.4817117
'162,'162,613513.871877565,5842721.47257329,613513.539857873,5842722.4817117,613496.905537372,5842743.23546881,613524.050307603,5842708.41659852,0.36,162,0,0,17.1,4,613513.539857873,5842722.4817117
'163,'163,613514.154385737,5842721.11019721,613513.84133572,5842722.13412437,613496.905537372,5842743.23546881,613524.050307603,5842708.41659852,0.38,163,0,0,16.7,4,613513.84133572,5842722.13412437
'163,'163,613514.154385737,5842721.11019721,613513.84133572,5842722.13412437,613496.905537372,5842743.23546881,613524.050307603,5842708.41659852,0.38,163,0,0,16.7,4,613513.84133572,5842722.13412437
'163,'163,613514.154385737,5842721.11019721,613513.84133572,5842722.13412437,613496.905537372,5842743.23546881,613524.050307603,5842708.41659852,0.38,163,0,0,16.7,4,613513.84133572,5842722.13412437
'166,'166,613514.447806246,5842720.73382377,613514.175514792,5842721.78952628,613496.905537372,5842743.23546881,613524.050307603,5842708.41659852,0.43,166,0,0,16.2,4,613514.175514792,5842721.78952628
'166,'166,613514.447806246,5842720.73382377,613514.175514792,5842721.78952628,613496.905537372,5842743.23546881,613524.050307603,5842708.41659852,0.43,166,0,0,16.2,4,613514.175514792,5842721.78952628
'166,'166,613514.447806246,5842720.73382377,613514.175514792,5842721.78952628,613496.905537372,5842743.23546881,613524.050307603,5842708.41659852,0.43,166,0,0,16.2,4,613514.175514792,5842721.78952628
'166,'166,613514.724832321,5842720.37847963,613514.453949497,5842721.43528031,613496.905537372,5842743.23546881,613524.050307603,5842708.41659852,0.44,166,0,0,15.8,4,613514.453949497,5842721.43528031
'166,'166,613514.724832321,5842720.37847963,613514.453949497,5842721.43528031,613496.905537372,5842743.23546881,613524.050307603,5842708.41659852,0.44,166,0,0,15.8,4,613514.453949497,5842721.43528031
'165,'165,613515.003595684,5842720.02090705,613514.718972981,5842721.06699613,613496.905537372,5842743.23546881,613524.050307603,5842708.41659852,0.42,165,0,0,15.3,4,613514.718972981,5842721.06699613
'165,'165,613515.003595684,5842720.02090705,613514.718972981,5842721.06699613,613496.905537372,5842743.23546881,613524.050307603,5842708.41659852,0.42,165,0,0,15.3,4,613514.718972981,5842721.06699613
'165,'165,613515.003595684,5842720.02090705,613514.718972981,5842721.06699613,613496.905537372,5842743.23546881,613524.050307603,5842708.41659852,0.42,165,0,0,15.3,4,613514.718972981,5842721.06699613
'163,'163,613515.268114124,5842719.68160659,613514.961091873,5842720.71023299,613496.905537372,5842743.23546881,613524.050307603,5842708.41659852,0.39,163,0,0,14.9,4,613514.961091873,5842720.71023299
'163,'163,613515.268114124,5842719.68160659,613514.961091873,5842720.71023299,613496.905537372,5842743.23546881,613524.050307603,5842708.41659852,0.39,163,0,0,14.9,4,613514.961091873,5842720.71023299
'162,'162,613515.546366228,5842719.32468981,613515.210496398,5842720.33082666,613496.905537372,5842743.23546881,613524.050307603,5842708.41659852,0.35,162,0,0,14.5,4,613515.210496398,5842720.33082666
'162,'162,613515.546366228,5842719.32468981,613515.210496398,5842720.33082666,613496.905537372,5842743.23546881,613524.050307603,5842708.41659852,0.35,162,0,0,14.5,4,613515.210496398,5842720.33082666
'162,'162,613515.546366228,5842719.32468981,613515.210496398,5842720.33082666,613496.905537372,5842743.23546881,613524.050307603,5842708.41659852,0.35,162,0,0,14.5,4,613515.210496398,5842720.33082666
'163,'163,613515.827345491,5842718.96427488,613515.511238574,5842719.98581888,613496.905537372,5842743.23546881,613524.050307603,5842708.41659852,0.38,163,0,0,14,4,613515.511238574,5842719.98581888
'163,'163,613515.827345491,5842718.96427488,613515.511238574,5842719.98581888,613496.905537372,5842743.23546881,613524.050307603,5842708.41659852,0.38,163,0,0,14,4,613515.511238574,5842719.98581888
'163,'163,613516.112447056,5842718.59857223,613515.794037045,5842719.61832074,613496.905537372,5842743.23546881,613524.050307603,5842708.41659852,0.38,163,0,0,13.6,4,613515.794037045,5842719.61832074
'163,'163,613516.112447056,5842718.59857223,613515.794037045,5842719.61832074,613496.905537372,5842743.23546881,613524.050307603,5842708.41659852,0.38,163,0,0,13.6,4,613515.794037045,5842719.61832074
'163,'163,613516.112447056,5842718.59857223,613515.794037045,5842719.61832074,613496.905537372,5842743.23546881,613524.050307603,5842708.41659852,0.38,163,0,0,13.6,4,613515.794037045,5842719.61832074
'164,'164,613516.394835006,5842718.23635036,613516.099601802,5842719.27416749,613496.905537372,5842743.23546881,613524.050307603,5842708.41659852,0.41,164,0,0,13.2,4,613516.099601802,5842719.27416749
'164,'164,613516.394835006,5842718.23635036,613516.099601802,5842719.27416749,613496.905537372,5842743.23546881,613524.050307603,5842708.41659852,0.41,164,0,0,13.2,4,613516.099601802,5842719.27416749
'165,'165,613516.663336916,5842717.89194025,613516.384712171,5842718.94270533,613496.905537372,5842743.23546881,613524.050307603,5842708.41659852,0.43,165,0,0,12.7,4,613516.384712171,5842718.94270533
'165,'165,613516.663336916,5842717.89194025,613516.384712171,5842718.94270533,613496.905537372,5842743.23546881,613524.050307603,5842708.41659852,0.43,165,0,0,12.7,4,613516.384712171,5842718.94270533
'165,'165,613516.663336916,5842717.89194025,613516.384712171,5842718.94270533,613496.905537372,5842743.23546881,613524.050307603,5842708.41659852,0.43,165,0,0,12.7,4,613516.384712171,5842718.94270533
'164,'164,613516.931523373,5842717.54793478,613516.635852897,5842718.58541102,613496.905537372,5842743.23546881,613524.050307603,5842708.41659852,0.4,164,0,0,12.3,4,613516.635852897,5842718.58541102
'164,'164,613516.931523373,5842717.54793478,613516.635852897,5842718.58541102,613496.905537372,5842743.23546881,613524.050307603,5842708.41659852,0.4,164,0,0,12.3,4,613516.635852897,5842718.58541102
'164,'164,613516.931523373,5842717.54793478,613516.635852897,5842718.58541102,613496.905537372,5842743.23546881,613524.050307603,5842708.41659852,0.4,164,0,0,12.3,4,613516.635852897,5842718.58541102
'164,'164,613517.202545005,5842717.2002926,613516.90747848,5842718.23823968,613496.905537372,5842743.23546881,613524.050307603,5842708.41659852,0.41,164,0,0,11.9,4,613516.90747848,5842718.23823968
'164,'164,613517.202545005,5842717.2002926,613516.90747848,5842718.23823968,613496.905537372,5842743.23546881,613524.050307603,5842708.41659852,0.41,164,0,0,11.9,4,613516.90747848,5842718.23823968
'165,'165,613517.481288334,5842716.84274573,613517.204575896,5842717.89500164,613496.905537372,5842743.23546881,613524.050307603,5842708.41659852,0.43,165,0,0,11.4,4,613517.204575896,5842717.89500164
'165,'165,613517.481288334,5842716.84274573,613517.204575896,5842717.89500164,613496.905537372,5842743.23546881,613524.050307603,5842708.41659852,0.43,165,0,0,11.4,4,613517.204575896,5842717.89500164
'165,'165,613517.481288334,5842716.84274573,613517.204575896,5842717.89500164,613496.905537372,5842743.23546881,613524.050307603,5842708.41659852,0.43,165,0,0,11.4,4,613517.204575896,5842717.89500164
'165,'165,613517.777132001,5842716.46326407,613517.501707862,5842717.51652435,613496.905537372,5842743.23546881,613524.050307603,5842708.41659852,0.43,165,0,0,11,4,613517.501707862,5842717.51652435
'165,'165,613517.777132001,5842716.46326407,613517.501707862,5842717.51652435,613496.905537372,5842743.23546881,613524.050307603,5842708.41659852,0.43,165,0,0,11,4,613517.501707862,5842717.51652435
'165,'165,613518.032616538,5842716.13555149,613517.759658352,5842717.19073421,613496.905537372,5842743.23546881,613524.050307603,5842708.41659852,0.43,165,0,0,10.6,4,613517.759658352,5842717.19073421
'165,'165,613518.032616538,5842716.13555149,613517.759658352,5842717.19073421,613496.905537372,5842743.23546881,613524.050307603,5842708.41659852,0.43,165,0,0,10.6,4,613517.759658352,5842717.19073421
'165,'165,613518.032616538,5842716.13555149,613517.759658352,5842717.19073421,613496.905537372,5842743.23546881,613524.050307603,5842708.41659852,0.43,165,0,0,10.6,4,613517.759658352,5842717.19073421
'164,'164,613518.285797224,5842715.81079407,613517.986310197,5842716.84529493,613496.905537372,5842743.23546881,613524.050307603,5842708.41659852,0.4,164,0,0,10.2,4,613517.986310197,5842716.84529493
'164,'164,613518.285797224,5842715.81079407,613517.986310197,5842716.84529493,613496.905537372,5842743.23546881,613524.050307603,5842708.41659852,0.4,164,0,0,10.2,4,613517.986310197,5842716.84529493
'166,'166,613518.568606814,5842715.44803136,613518.304061418,5842716.50977269,613496.905537372,5842743.23546881,613524.050307603,5842708.41659852,0.44,166,0,0,9.7,4,613518.304061418,5842716.50977269
'166,'166,613518.568606814,5842715.44803136,613518.304061418,5842716.50977269,613496.905537372,5842743.23546881,613524.050307603,5842708.41659852,0.44,166,0,0,9.7,4,613518.304061418,5842716.50977269
'166,'166,613518.568606814,5842715.44803136,613518.304061418,5842716.50977269,613496.905537372,5842743.23546881,613524.050307603,5842708.41659852,0.44,166,0,0,9.7,4,613518.304061418,5842716.50977269
'164,'164,613518.865719565,5842715.06692184,613518.57448792,5842716.10785859,613496.905537372,5842743.23546881,613524.050307603,5842708.41659852,0.41,164,0,0,9.3,4,613518.57448792,5842716.10785859
'164,'164,613518.865719565,5842715.06692184,613518.57448792,5842716.10785859,613496.905537372,5842743.23546881,613524.050307603,5842708.41659852,0.41,164,0,0,9.3,4,613518.57448792,5842716.10785859
'164,'164,613518.865719565,5842715.06692184,613518.57448792,5842716.10785859,613496.905537372,5842743.23546881,613524.050307603,5842708.41659852,0.41,164,0,0,9.3,4,613518.57448792,5842716.10785859
'165,'165,613519.125887823,5842714.73320139,613518.841287005,5842715.77930753,613496.905537372,5842743.23546881,613524.050307603,5842708.41659852,0.42,165,0,0,8.8,4,613518.841287005,5842715.77930753
'165,'165,613519.125887823,5842714.73320139,613518.841287005,5842715.77930753,613496.905537372,5842743.23546881,613524.050307603,5842708.41659852,0.42,165,0,0,8.8,4,613518.841287005,5842715.77930753
'164,'164,613519.364981234,5842714.42651386,613519.070480206,5842715.4649018,613496.905537372,5842743.23546881,613524.050307603,5842708.41659852,0.41,164,0,0,8.5,4,613519.070480206,5842715.4649018
'164,'164,613519.364981234,5842714.42651386,613519.070480206,5842715.4649018,613496.905537372,5842743.23546881,613524.050307603,5842708.41659852,0.41,164,0,0,8.5,4,613519.070480206,5842715.4649018
'164,'164,613519.364981234,5842714.42651386,613519.070480206,5842715.4649018,613496.905537372,5842743.23546881,613524.050307603,5842708.41659852,0.41,164,0,0,8.5,4,613519.070480206,5842715.4649018
'162,'162,613519.639644426,5842714.07420062,613519.31230524,5842715.08698795,613496.905537372,5842743.23546881,613524.050307603,5842708.41659852,0.36,162,0,0,8,4,613519.31230524,5842715.08698795
'162,'162,613519.639644426,5842714.07420062,613519.31230524,5842715.08698795,613496.905537372,5842743.23546881,613524.050307603,5842708.41659852,0.36,162,0,0,8,4,613519.31230524,5842715.08698795
'162,'162,613519.639644426,5842714.07420062,613519.31230524,5842715.08698795,613496.905537372,5842743.23546881,613524.050307603,5842708.41659852,0.36,162,0,0,8,4,613519.31230524,5842715.08698795
'162,'162,613519.841535279,5842713.81523319,613519.507000906,5842714.82241116,613496.905537372,5842743.23546881,613524.050307603,5842708.41659852,0.36,162,0,0,7.7,4,613519.507000906,5842714.82241116
'162,'162,613519.841535279,5842713.81523319,613519.507000906,5842714.82241116,613496.905537372,5842743.23546881,613524.050307603,5842708.41659852,0.36,162,0,0,7.7,4,613519.507000906,5842714.82241116
'163,'163,613519.965654122,5842713.6560247,613519.656874571,5842714.68328111,613496.905537372,5842743.23546881,613524.050307603,5842708.41659852,0.39,163,0,0,7.5,4,613519.656874571,5842714.68328111
'163,'163,613519.965654122,5842713.6560247,613519.656874571,5842714.68328111,613496.905537372,5842743.23546881,613524.050307603,5842708.41659852,0.39,163,0,0,7.5,4,613519.656874571,5842714.68328111
'163,'163,613519.965654122,5842713.6560247,613519.656874571,5842714.68328111,613496.905537372,5842743.23546881,613524.050307603,5842708.41659852,0.39,163,0,0,7.5,4,613519.656874571,5842714.68328111
'163,'163,613520.069785703,5842713.52245407,613519.761562225,5842714.550144,613496.905537372,5842743.23546881,613524.050307603,5842708.41659852,0.39,163,0,0,7.3,4,613519.761562225,5842714.550144
'163,'163,613520.069785703,5842713.52245407,613519.761562225,5842714.550144,613496.905537372,5842743.23546881,613524.050307603,5842708.41659852,0.39,163,0,0,7.3,4,613519.761562225,5842714.550144
'164,'164,613520.121025076,5842713.45672881,613519.816189609,5842714.48706003,613496.905537372,5842743.23546881,613524.050307603,5842708.41659852,0.39,164,0,0,7.3,4,613519.816189609,5842714.48706003
'164,'164,613520.121025076,5842713.45672881,613519.816189609,5842714.48706003,613496.905537372,5842743.23546881,613524.050307603,5842708.41659852,0.39,164,0,0,7.3,4,613519.816189609,5842714.48706003
'164,'164,613520.121025076,5842713.45672881,613519.816189609,5842714.48706003,613496.905537372,5842743.23546881,613524.050307603,5842708.41659852,0.39,164,0,0,7.3,4,613519.816189609,5842714.48706003
'164,'164,613520.113181141,5842713.46679031,613519.809514333,5842714.49803261,613496.905537372,5842743.23546881,613524.050307603,5842708.41659852,0.39,164,0,0,7.3,4,613519.809514333,5842714.49803261
'164,'164,613520.113181141,5842713.46679031,613519.809514333,5842714.49803261,613496.905537372,5842743.23546881,613524.050307603,5842708.41659852,0.39,164,0,0,7.3,4,613519.809514333,5842714.49803261
'164,'164,613520.113181141,5842713.46679031,613519.809514333,5842714.49803261,613496.905537372,5842743.23546881,613524.050307603,5842708.41659852,0.39,164,0,0,7.3,4,613519.809514333,5842714.49803261
'164,'164,613520.113881022,5842713.46589256,613519.809215627,5842714.49635637,613496.905537372,5842743.23546881,613524.050307603,5842708.41659852,0.39,164,0,0,7.3,4,613519.809215627,5842714.49635637
'164,'164,613520.113881022,5842713.46589256,613519.809215627,5842714.49635637,613496.905537372,5842743.23546881,613524.050307603,5842708.41659852,0.39,164,0,0,7.3,4,613519.809215627,5842714.49635637
'164,'164,613520.112601478,5842713.46753384,613519.811367151,5842714.50067251,613496.905537372,5842743.23546881,613524.050307603,5842708.41659852,0.4,164,0,0,7.3,4,613519.811367151,5842714.50067251
'164,'164,613520.112601478,5842713.46753384,613519.811367151,5842714.50067251,613496.905537372,5842743.23546881,613524.050307603,5842708.41659852,0.4,164,0,0,7.3,4,613519.811367151,5842714.50067251
'164,'164,613520.112601478,5842713.46753384,613519.811367151,5842714.50067251,613496.905537372,5842743.23546881,613524.050307603,5842708.41659852,0.4,164,0,0,7.3,4,613519.811367151,5842714.50067251
'164,'164,613520.112571013,5842713.46757292,613519.807605246,5842714.49780256,613496.905537372,5842743.23546881,613524.050307603,5842708.41659852,0.39,164,0,0,7.3,4,613519.807605246,5842714.49780256
'164,'164,613520.112571013,5842713.46757292,613519.807605246,5842714.49780256,613496.905537372,5842743.23546881,613524.050307603,5842708.41659852,0.39,164,0,0,7.3,4,613519.807605246,5842714.49780256
'163,'163,613520.108685865,5842713.47255644,613519.801670206,5842714.50118798,613496.905537372,5842743.23546881,613524.050307603,5842708.41659852,0.39,163,0,0,7.3,4,613519.801670206,5842714.50118798
'163,'163,613520.108685865,5842713.47255644,613519.801670206,5842714.50118798,613496.905537372,5842743.23546881,613524.050307603,5842708.41659852,0.39,163,0,0,7.3,4,613519.801670206,5842714.50118798
'163,'163,613520.108685865,5842713.47255644,613519.801670206,5842714.50118798,613496.905537372,5842743.23546881,613524.050307603,5842708.41659852,0.39,163,0,0,7.3,4,613519.801670206,5842714.50118798
'163,'163,613520.107959058,5842713.47348872,613519.802631249,5842714.50343611,613496.905537372,5842743.23546881,613524.050307603,5842708.41659852,0.39,163,0,0,7.3,4,613519.802631249,5842714.50343611
'163,'163,613520.107959058,5842713.47348872,613519.802631249,5842714.50343611,613496.905537372,5842743.23546881,613524.050307603,5842708.41659852,0.39,163,0,0,7.3,4,613519.802631249,5842714.50343611
'163,'163,613520.109060929,5842713.47207534,613519.80146674,5842714.50025586,613496.905537372,5842743.23546881,613524.050307603,5842708.41659852,0.39,163,0,0,7.3,4,613519.80146674,5842714.50025586
'163,'163,613520.109060929,5842713.47207534,613519.80146674,5842714.50025586,613496.905537372,5842743.23546881,613524.050307603,5842708.41659852,0.39,163,0,0,7.3,4,613519.80146674,5842714.50025586
'163,'163,613520.109060929,5842713.47207534,613519.80146674,5842714.50025586,613496.905537372,5842743.23546881,613524.050307603,5842708.41659852,0.39,163,0,0,7.3,4,613519.80146674,5842714.50025586
'163,'163,613520.108149309,5842713.47324469,613519.800207006,5842714.50115382,613496.905537372,5842743.23546881,613524.050307603,5842708.41659852,0.39,163,0,0,7.3,4,613519.800207006,5842714.50115382
'163,'163,613520.108149309,5842713.47324469,613519.800207006,5842714.50115382,613496.905537372,5842743.23546881,613524.050307603,5842708.41659852,0.39,163,0,0,7.3,4,613519.800207006,5842714.50115382
'163,'163,613520.10853872,5842713.47274518,613519.800778432,5842714.50079621,613496.905537372,5842743.23546881,613524.050307603,5842708.41659852,0.39,163,0,0,7.3,4,613519.800778432,5842714.50079621
'163,'163,613520.10853872,5842713.47274518,613519.800778432,5842714.50079621,613496.905537372,5842743.23546881,613524.050307603,5842708.41659852,0.39,163,0,0,7.3,4,613519.800778432,5842714.50079621
'163,'163,613520.10853872,5842713.47274518,613519.800778432,5842714.50079621,613496.905537372,5842743.23546881,613524.050307603,5842708.41659852,0.39,163,0,0,7.3,4,613519.800778432,5842714.50079621
'163,'163,613520.106487558,5842713.47537623,613519.799354202,5842714.50391602,613496.905537372,5842743.23546881,613524.050307603,5842708.41659852,0.39,163,0,0,7.3,4,613519.799354202,5842714.50391602
'163,'163,613520.106487558,5842713.47537623,613519.799354202,5842714.50391602,613496.905537372,5842743.23546881,613524.050307603,5842708.41659852,0.39,163,0,0,7.3,4,613519.799354202,5842714.50391602
'163,'163,613520.107688093,5842713.47383629,613519.801401814,5842714.50303646,613496.905537372,5842743.23546881,613524.050307603,5842708.41659852,0.39,163,0,0,7.3,4,613519.801401814,5842714.50303646
'163,'163,613520.107688093,5842713.47383629,613519.801401814,5842714.50303646,613496.905537372,5842743.23546881,613524.050307603,5842708.41659852,0.39,163,0,0,7.3,4,613519.801401814,5842714.50303646
'163,'163,613520.107688093,5842713.47383629,613519.801401814,5842714.50303646,613496.905537372,5842743.23546881,613524.050307603,5842708.41659852,0.39,163,0,0,7.3,4,613519.801401814,5842714.50303646
'163,'163,613520.108086481,5842713.47332528,613519.80175246,5842714.50248822,613496.905537372,5842743.23546881,613524.050307603,5842708.41659852,0.39,163,0,0,7.3,4,613519.80175246,5842714.50248822
'163,'163,613520.108086481,5842713.47332528,613519.80175246,5842714.50248822,613496.905537372,5842743.23546881,613524.050307603,5842708.41659852,0.39,163,0,0,7.3,4,613519.80175246,5842714.50248822
'163,'163,613520.108086481,5842713.47332528,613519.80175246,5842714.50248822,613496.905537372,5842743.23546881,613524.050307603,5842708.41659852,0.39,163,0,0,7.3,4,613519.80175246,5842714.50248822
'163,'163,613520.106634701,5842713.47518749,613519.800245976,5842714.50430779,613496.905537372,5842743.23546881,613524.050307603,5842708.41659852,0.39,163,0,0,7.3,4,613519.800245976,5842714.50430779
'163,'163,613520.106634701,5842713.47518749,613519.800245976,5842714.50430779,613496.905537372,5842743.23546881,613524.050307603,5842708.41659852,0.39,163,0,0,7.3,4,613519.800245976,5842714.50430779
'163,'163,613520.107295078,5842713.47434042,613519.802046838,5842714.50434984,613496.905537372,5842743.23546881,613524.050307603,5842708.41659852,0.39,163,0,0,7.3,4,613519.802046838,5842714.50434984
'163,'163,613520.107295078,5842713.47434042,613519.802046838,5842714.50434984,613496.905537372,5842743.23546881,613524.050307603,5842708.41659852,0.39,163,0,0,7.3,4,613519.802046838,5842714.50434984
'163,'163,613520.107295078,5842713.47434042,613519.802046838,5842714.50434984,613496.905537372,5842743.23546881,613524.050307603,5842708.41659852,0.39,163,0,0,7.3,4,613519.802046838,5842714.50434984
'163,'163,613520.107874742,5842713.47359688,613519.80019402,5842714.50170994,613496.905537372,5842743.23546881,613524.050307603,5842708.41659852,0.39,163,0,0,7.3,4,613519.80019402,5842714.50170994
'163,'163,613520.107874742,5842713.47359688,613519.80019402,5842714.50170994,613496.905537372,5842743.23546881,613524.050307603,5842708.41659852,0.39,163,0,0,7.3,4,613519.80019402,5842714.50170994
'163,'163,613520.108847355,5842713.4723493,613519.803336871,5842714.50215427,613496.905537372,5842743.23546881,613524.050307603,5842708.41659852,0.39,163,0,0,7.3,4,613519.803336871,5842714.50215427
'163,'163,613520.108847355,5842713.4723493,613519.803336871,5842714.50215427,613496.905537372,5842743.23546881,613524.050307603,5842708.41659852,0.39,163,0,0,7.3,4,613519.803336871,5842714.50215427
'163,'163,613520.108847355,5842713.4723493,613519.803336871,5842714.50215427,613496.905537372,5842743.23546881,613524.050307603,5842708.41659852,0.39,163,0,0,7.3,4,613519.803336871,5842714.50215427
'163,'163,613520.107619895,5842713.47392377,613519.801951598,5842714.50360572,613496.905537372,5842743.23546881,613524.050307603,5842708.41659852,0.39,163,0,0,7.3,4,613519.801951598,5842714.50360572
'163,'163,613520.107619895,5842713.47392377,613519.801951598,5842714.50360572,613496.905537372,5842743.23546881,613524.050307603,5842708.41659852,0.39,163,0,0,7.3,4,613519.801951598,5842714.50360572
'163,'163,613520.107619895,5842713.47392377,613519.802168048,5842714.50398172,613496.905537372,5842743.23546881,613524.050307603,5842708.41659852,0.39,163,0,0,7.3,4,613519.802168048,5842714.50398172
'163,'163,613520.107519397,5842713.47405268,613519.802168048,5842714.50398172,613496.905537372,5842743.23546881,613524.050307603,5842708.41659852,0.39,163,0,0,7.3,4,613519.802168048,5842714.50398172
'163,'163,613520.107519397,5842713.47405268,613519.802168048,5842714.50398172,613496.905537372,5842743.23546881,613524.050307603,5842708.41659852,0.39,163,0,0,7.3,4,613519.802168048,5842714.50398172
'163,'163,613520.107284334,5842713.4743542,613519.800055496,5842714.50281955,613496.905537372,5842743.23546881,613524.050307603,5842708.41659852,0.39,163,0,0,7.3,4,613519.800055496,5842714.50281955
'163,'163,613520.107284334,5842713.4743542,613519.800055496,5842714.50281955,613496.905537372,5842743.23546881,613524.050307603,5842708.41659852,0.39,163,0,0,7.3,4,613519.800055496,5842714.50281955
'163,'163,613520.107284334,5842713.4743542,613519.800055496,5842714.50281955,613496.905537372,5842743.23546881,613524.050307603,5842708.41659852,0.39,163,0,0,7.3,4,613519.800055496,5842714.50281955
'163,'163,613520.107869369,5842713.47360377,613519.799198349,5842714.50094479,613496.905537372,5842743.23546881,613524.050307603,5842708.41659852,0.39,163,0,0,7.3,4,613519.799198349,5842714.50094479
'163,'163,613520.107869369,5842713.47360377,613519.799198349,5842714.50094479,613496.905537372,5842743.23546881,613524.050307603,5842708.41659852,0.39,163,0,0,7.3,4,613519.799198349,5842714.50094479
'163,'163,613520.107000791,5842713.4747179,613519.80026329,5842714.5035663,613496.905537372,5842743.23546881,613524.050307603,5842708.41659852,0.39,163,0,0,7.3,4,613519.80026329,5842714.5035663
'163,'163,613520.107000791,5842713.4747179,613519.80026329,5842714.5035663,613496.905537372,5842743.23546881,613524.050307603,5842708.41659852,0.39,163,0,0,7.3,4,613519.80026329,5842714.5035663
'163,'163,613520.107000791,5842713.4747179,613519.80026329,5842714.5035663,613496.905537372,5842743.23546881,613524.050307603,5842708.41659852,0.39,163,0,0,7.3,4,613519.80026329,5842714.5035663
'163,'163,613520.109452111,5842713.47157357,613519.804250287,5842714.50161918,613496.905537372,5842743.23546881,613524.050307603,5842708.41659852,0.39,163,0,0,7.3,4,613519.804250287,5842714.50161918
'163,'163,613520.109452111,5842713.47157357,613519.804250287,5842714.50161918,613496.905537372,5842743.23546881,613524.050307603,5842708.41659852,0.39,163,0,0,7.3,4,613519.804250287,5842714.50161918
'163,'163,613520.108928134,5842713.47224568,613519.801349858,5842714.50043861,613496.905537372,5842743.23546881,613524.050307603,5842708.41659852,0.39,163,0,0,7.3,4,613519.801349858,5842714.50043861
'163,'163,613520.108928134,5842713.47224568,613519.801349858,5842714.50043861,613496.905537372,5842743.23546881,613524.050307603,5842708.41659852,0.39,163,0,0,7.3,4,613519.801349858,5842714.50043861
'163,'163,613520.108928134,5842713.47224568,613519.801349858,5842714.50043861,613496.905537372,5842743.23546881,613524.050307603,5842708.41659852,0.39,163,0,0,7.3,4,613519.801349858,5842714.50043861
'163,'163,613520.108059556,5842713.47335981,613519.802414798,5842714.50306011,613496.905537372,5842743.23546881,613524.050307603,5842708.41659852,0.39,163,0,0,7.3,4,613519.802414798,5842714.50306011
'163,'163,613520.108059556,5842713.47335981,613519.802414798,5842714.50306011,613496.905537372,5842743.23546881,613524.050307603,5842708.41659852,0.39,163,0,0,7.3,4,613519.802414798,5842714.50306011
'163,'163,613520.10811878,5842713.47328385,613519.802085794,5842714.50268148,613496.905537372,5842743.23546881,613524.050307603,5842708.41659852,0.39,163,0,0,7.3,4,613519.802085794,5842714.50268148
'163,'163,613520.10811878,5842713.47328385,613519.802085794,5842714.50268148,613496.905537372,5842743.23546881,613524.050307603,5842708.41659852,0.39,163,0,0,7.3,4,613519.802085794,5842714.50268148
'163,'163,613520.10811878,5842713.47328385,613519.802085794,5842714.50268148,613496.905537372,5842743.23546881,613524.050307603,5842708.41659852,0.39,163,0,0,7.3,4,613519.802085794,5842714.50268148
'163,'163,613520.107709648,5842713.47380864,613519.799743805,5842714.50169942,613496.905537372,5842743.23546881,613524.050307603,5842708.41659852,0.39,163,0,0,7.3,4,613519.799743805,5842714.50169942
'163,'163,613520.107709648,5842713.47380864,613519.799743805,5842714.50169942,613496.905537372,5842743.23546881,613524.050307603,5842708.41659852,0.39,163,0,0,7.3,4,613519.799743805,5842714.50169942
'163,'163,613520.107700672,5842713.47382016,613519.799964584,5842714.50189005,613496.905537372,5842743.23546881,613524.050307603,5842708.41659852,0.39,163,0,0,7.3,4,613519.799964584,5842714.50189005
'163,'163,613520.107700672,5842713.47382016,613519.799964584,5842714.50189005,613496.905537372,5842743.23546881,613524.050307603,5842708.41659852,0.39,163,0,0,7.3,4,613519.799964584,5842714.50189005
'163,'163,613520.107700672,5842713.47382016,613519.799964584,5842714.50189005,613496.905537372,5842743.23546881,613524.050307603,5842708.41659852,0.39,163,0,0,7.3,4,613519.799964584,5842714.50189005
'163,'163,613520.108745088,5842713.47248047,613519.801341201,5842714.50080935,613496.905537372,5842743.23546881,613524.050307603,5842708.41659852,0.39,163,0,0,7.3,4,613519.801341201,5842714.50080935
'163,'163,613520.108745088,5842713.47248047,613519.801341201,5842714.50080935,613496.905537372,5842743.23546881,613524.050307603,5842708.41659852,0.39,163,0,0,7.3,4,613519.801341201,5842714.50080935
'163,'163,613520.108745088,5842713.47248047,613519.801341201,5842714.50080935,613496.905537372,5842743.23546881,613524.050307603,5842708.41659852,0.39,163,0,0,7.3,4,613519.801341201,5842714.50080935
'163,'163,613520.106212991,5842713.47572842,613519.799341217,5842714.50447213,613496.905537372,5842743.23546881,613524.050307603,5842708.41659852,0.39,163,0,0,7.3,4,613519.799341217,5842714.50447213
'163,'163,613520.106212991,5842713.47572842,613519.799341217,5842714.50447213,613496.905537372,5842743.23546881,613524.050307603,5842708.41659852,0.39,163,0,0,7.3,4,613519.799341217,5842714.50447213
'163,'163,613520.10722511,5842713.47443017,613519.8003845,5842714.50319818,613496.905537372,5842743.23546881,613524.050307603,5842708.41659852,0.39,163,0,0,7.3,4,613519.8003845,5842714.50319818
'163,'163,613520.10722511,5842713.47443017,613519.8003845,5842714.50319818,613496.905537372,5842743.23546881,613524.050307603,5842708.41659852,0.39,163,0,0,7.3,4,613519.8003845,5842714.50319818
'163,'163,613520.10722511,5842713.47443017,613519.8003845,5842714.50319818,613496.905537372,5842743.23546881,613524.050307603,5842708.41659852,0.39,163,0,0,7.3,4,613519.8003845,5842714.50319818
'163,'163,613520.107522999,5842713.47404806,613519.800951598,5842714.50302595,613496.905537372,5842743.23546881,613524.050307603,5842708.41659852,0.39,163,0,0,7.3,4,613519.800951598,5842714.50302595
'163,'163,613520.107522999,5842713.47404806,613519.800951598,5842714.50302595,613496.905537372,5842743.23546881,613524.050307603,5842708.41659852,0.39,163,0,0,7.3,4,613519.800951598,5842714.50302595
'163,'163,613520.108441826,5842713.47286947,613519.799778432,5842714.50021644,613496.905537372,5842743.23546881,613524.050307603,5842708.41659852,0.39,163,0,0,7.3,4,613519.799778432,5842714.50021644
'163,'163,613520.108441826,5842713.47286947,613519.799778432,5842714.50021644,613496.905537372,5842743.23546881,613524.050307603,5842708.41659852,0.39,163,0,0,7.3,4,613519.799778432,5842714.50021644
'163,'163,613520.108441826,5842713.47286947,613519.799778432,5842714.50021644,613496.905537372,5842743.23546881,613524.050307603,5842708.41659852,0.39,163,0,0,7.3,4,613519.799778432,5842714.50021644
'163,'163,613520.10788909,5842713.47357847,613519.800968912,5842714.50228445,613496.905537372,5842743.23546881,613524.050307603,5842708.41659852,0.39,163,0,0,7.3,4,613519.800968912,5842714.50228445
'163,'163,613520.10788909,5842713.47357847,613519.800968912,5842714.50228445,613496.905537372,5842743.23546881,613524.050307603,5842708.41659852,0.39,163,0,0,7.3,4,613519.800968912,5842714.50228445
'163,'163,613520.107113868,5842713.47457286,613519.798609609,5842714.50204389,613496.905537372,5842743.23546881,613524.050307603,5842708.41659852,0.39,163,0,0,7.3,4,613519.798609609,5842714.50204389
'163,'163,613520.107113868,5842713.47457286,613519.798609609,5842714.50204389,613496.905537372,5842743.23546881,613524.050307603,5842708.41659852,0.39,163,0,0,7.3,4,613519.798609609,5842714.50204389
'163,'163,613520.107113868,5842713.47457286,613519.798609609,5842714.50204389,613496.905537372,5842743.23546881,613524.050307603,5842708.41659852,0.39,163,0,0,7.3,4,613519.798609609,5842714.50204389
'163,'163,613520.108246204,5842713.4731204,613519.801207005,5842714.50173359,613496.905537372,5842743.23546881,613524.050307603,5842708.41659852,0.39,163,0,0,7.3,4,613519.801207005,5842714.50173359
'163,'163,613520.108246204,5842713.4731204,613519.801207005,5842714.50173359,613496.905537372,5842743.23546881,613524.050307603,5842708.41659852,0.39,163,0,0,7.3,4,613519.801207005,5842714.50173359
'163,'163,613520.108045208,5842713.47337822,613519.801639907,5842714.50248559,613496.905537372,5842743.23546881,613524.050307603,5842708.41659852,0.39,163,0,0,7.3,4,613519.801639907,5842714.50248559
'163,'163,613520.108045208,5842713.47337822,613519.801639907,5842714.50248559,613496.905537372,5842743.23546881,613524.050307603,5842708.41659852,0.39,163,0,0,7.3,4,613519.801639907,5842714.50248559
'163,'163,613520.108045208,5842713.47337822,613519.801639907,5842714.50248559,613496.905537372,5842743.23546881,613524.050307603,5842708.41659852,0.39,163,0,0,7.3,4,613519.801639907,5842714.50248559
'163,'163,613520.106496533,5842713.47536472,613519.799133423,5842714.50372539,613496.905537372,5842743.23546881,613524.050307603,5842708.41659852,0.39,163,0,0,7.3,4,613519.799133423,5842714.50372539
'163,'163,613520.106496533,5842713.47536472,613519.799133423,5842714.50372539,613496.905537372,5842743.23546881,613524.050307603,5842708.41659852,0.39,163,0,0,7.3,4,613519.799133423,5842714.50372539
'163,'163,613520.106496533,5842713.47536472,613519.799133423,5842714.50372539,613496.905537372,5842743.23546881,613524.050307603,5842708.41659852,0.39,163,0,0,7.3,4,613519.799133423,5842714.50372539
'163,'163,613520.108231856,5842713.4731388,613519.800432113,5842714.50115907,613496.905537372,5842743.23546881,613524.050307603,5842708.41659852,0.39,163,0,0,7.3,4,613519.800432113,5842714.50115907
'163,'163,613520.108231856,5842713.4731388,613519.800432113,5842714.50115907,613496.905537372,5842743.23546881,613524.050307603,5842708.41659852,0.39,163,0,0,7.3,4,613519.800432113,5842714.50115907
'163,'163,613520.107390204,5842713.4742184,613519.800834716,5842714.50320869,613496.905537372,5842743.23546881,613524.050307603,5842708.41659852,0.39,163,0,0,7.3,4,613519.800834716,5842714.50320869
'163,'163,613520.107390204,5842713.4742184,613519.800834716,5842714.50320869,613496.905537372,5842743.23546881,613524.050307603,5842708.41659852,0.39,163,0,0,7.3,4,613519.800834716,5842714.50320869
'163,'163,613520.107390204,5842713.4742184,613519.800834716,5842714.50320869,613496.905537372,5842743.23546881,613524.050307603,5842708.41659852,0.39,163,0,0,7.3,4,613519.800834716,5842714.50320869
'163,'163,613520.108335957,5842713.47300527,613519.798999212,5842714.4998273,613496.905537372,5842743.23546881,613524.050307603,5842708.41659852,0.39,163,0,0,7.3,4,613519.798999212,5842714.4998273
'163,'163,613520.108335957,5842713.47300527,613519.798999212,5842714.4998273,613496.905537372,5842743.23546881,613524.050307603,5842708.41659852,0.39,163,0,0,7.3,4,613519.798999212,5842714.4998273
'163,'163,613520.10705104,5842713.47465345,613519.800155064,5842714.50337829,613496.905537372,5842743.23546881,613524.050307603,5842708.41659852,0.39,163,0,0,7.3,4,613519.800155064,5842714.50337829
'163,'163,613520.10705104,5842713.47465345,613519.800155064,5842714.50337829,613496.905537372,5842743.23546881,613524.050307603,5842708.41659852,0.39,163,0,0,7.3,4,613519.800155064,5842714.50337829
'163,'163,613520.10705104,5842713.47465345,613519.800155064,5842714.50337829,613496.905537372,5842743.23546881,613524.050307603,5842708.41659852,0.39,163,0,0,7.3,4,613519.800155064,5842714.50337829
'163,'163,613520.106381689,5842713.47551203,613519.798574982,5842714.50352687,613496.905537372,5842743.23546881,613524.050307603,5842708.41659852,0.39,163,0,0,7.3,4,613519.798574982,5842714.50352687
'163,'163,613520.106381689,5842713.47551203,613519.798574982,5842714.50352687,613496.905537372,5842743.23546881,613524.050307603,5842708.41659852,0.39,163,0,0,7.3,4,613519.798574982,5842714.50352687
'163,'163,613520.106381689,5842713.47551203,613519.798574982,5842714.50352687,613496.905537372,5842743.23546881,613524.050307603,5842708.41659852,0.39,163,0,0,7.3,4,613519.798574982,5842714.50352687
'163,'163,613520.1084149,5842713.47290401,613519.80044077,5842714.50078833,613496.905537372,5842743.23546881,613524.050307603,5842708.41659852,0.39,163,0,0,7.3,4,613519.80044077,5842714.50078833
'163,'163,613520.1084149,5842713.47290401,613519.80044077,5842714.50078833,613496.905537372,5842743.23546881,613524.050307603,5842708.41659852,0.39,163,0,0,7.3,4,613519.80044077,5842714.50078833
'163,'163,613520.108186979,5842713.47319637,613519.801536009,5842714.50211222,613496.905537372,5842743.23546881,613524.050307603,5842708.41659852,0.39,163,0,0,7.3,4,613519.801536009,5842714.50211222
'163,'163,613520.108186979,5842713.47319637,613519.801536009,5842714.50211222,613496.905537372,5842743.23546881,613524.050307603,5842708.41659852,0.39,163,0,0,7.3,4,613519.801536009,5842714.50211222
'163,'163,613520.108186979,5842713.47319637,613519.801536009,5842714.50211222,613496.905537372,5842743.23546881,613524.050307603,5842708.41659852,0.39,163,0,0,7.3,4,613519.801536009,5842714.50211222
'163,'163,613520.107307657,5842713.47432428,613519.800609608,5842714.50320343,613496.905537372,5842743.23546881,613524.050307603,5842708.41659852,0.39,163,0,0,7.3,4,613519.800609608,5842714.50320343
'163,'163,613520.107307657,5842713.47432428,613519.800609608,5842714.50320343,613496.905537372,5842743.23546881,613524.050307603,5842708.41659852,0.39,163,0,0,7.3,4,613519.800609608,5842714.50320343
'163,'163,613520.107234085,5842713.47441865,613519.800163721,5842714.50300755,613496.905537372,5842743.23546881,613524.050307603,5842708.41659852,0.39,163,0,0,7.3,4,613519.800163721,5842714.50300755
'163,'163,613520.107234085,5842713.47441865,613519.800163721,5842714.50300755,613496.905537372,5842743.23546881,613524.050307603,5842708.41659852,0.39,163,0,0,7.3,4,613519.800163721,5842714.50300755
'163,'163,613520.107234085,5842713.47441865,613519.800163721,5842714.50300755,613496.905537372,5842743.23546881,613524.050307603,5842708.41659852,0.39,163,0,0,7.3,4,613519.800163721,5842714.50300755
'163,'163,613520.108404156,5842713.47291779,613519.798449428,5842714.49925804,613496.905537372,5842743.23546881,613524.050307603,5842708.41659852,0.39,163,0,0,7.3,4,613519.798449428,5842714.49925804
'163,'163,613520.108404156,5842713.47291779,613519.798449428,5842714.49925804,613496.905537372,5842743.23546881,613524.050307603,5842708.41659852,0.39,163,0,0,7.3,4,613519.798449428,5842714.49925804
'163,'163,613520.107998563,5842713.47343805,613519.800531682,5842714.50171782,613496.905537372,5842743.23546881,613524.050307603,5842708.41659852,0.39,163,0,0,7.3,4,613519.800531682,5842714.50171782
'163,'163,613520.107998563,5842713.47343805,613519.800531682,5842714.50171782,613496.905537372,5842743.23546881,613524.050307603,5842708.41659852,0.39,163,0,0,7.3,4,613519.800531682,5842714.50171782
'163,'163,613520.107998563,5842713.47343805,613519.800531682,5842714.50171782,613496.905537372,5842743.23546881,613524.050307603,5842708.41659852,0.39,163,0,0,7.3,4,613519.800531682,5842714.50171782
'163,'163,613520.108822263,5842713.47238148,613519.800570638,5842714.50004946,613496.905537372,5842743.23546881,613524.050307603,5842708.41659852,0.39,163,0,0,7.3,4,613519.800570638,5842714.50004946
'163,'163,613520.108822263,5842713.47238148,613519.800570638,5842714.50004946,613496.905537372,5842743.23546881,613524.050307603,5842708.41659852,0.39,163,0,0,7.3,4,613519.800570638,5842714.50004946
'163,'163,613520.106688554,5842713.47511841,613519.7989213,5842714.50316401,613496.905537372,5842743.23546881,613524.050307603,5842708.41659852,0.39,163,0,0,7.3,4,613519.7989213,5842714.50316401
'163,'163,613520.106688554,5842713.47511841,613519.7989213,5842714.50316401,613496.905537372,5842743.23546881,613524.050307603,5842708.41659852,0.39,163,0,0,7.3,4,613519.7989213,5842714.50316401
'163,'163,613520.106688554,5842713.47511841,613519.7989213,5842714.50316401,613496.905537372,5842743.23546881,613524.050307603,5842708.41659852,0.39,163,0,0,7.3,4,613519.7989213,5842714.50316401
'163,'163,613520.107339955,5842713.47428285,613519.800942941,5842714.50339669,613496.905537372,5842743.23546881,613524.050307603,5842708.41659852,0.39,163,0,0,7.3,4,613519.800942941,5842714.50339669
'163,'163,613520.107339955,5842713.47428285,613519.800942941,5842714.50339669,613496.905537372,5842743.23546881,613524.050307603,5842708.41659852,0.39,163,0,0,7.3,4,613519.800942941,5842714.50339669
'163,'163,613520.107833468,5842713.47364982,613519.800081466,5842714.50170731,613496.905537372,5842743.23546881,613524.050307603,5842708.41659852,0.39,163,0,0,7.3,4,613519.800081466,5842714.50170731
'163,'163,613520.107833468,5842713.47364982,613519.800081466,5842714.50170731,613496.905537372,5842743.23546881,613524.050307603,5842708.41659852,0.39,163,0,0,7.3,4,613519.800081466,5842714.50170731
'163,'163,613520.107833468,5842713.47364982,613519.800081466,5842714.50170731,613496.905537372,5842743.23546881,613524.050307603,5842708.41659852,0.39,163,0,0,7.3,4,613519.800081466,5842714.50170731
'163,'163,613520.107829865,5842713.47365444,613519.801297917,5842714.50266308,613496.905537372,5842743.23546881,613524.050307603,5842708.41659852,0.39,163,0,0,7.3,4,613519.801297917,5842714.50266308
'163,'163,613520.107829865,5842713.47365444,613519.801297917,5842714.50266308,613496.905537372,5842743.23546881,613524.050307603,5842708.41659852,0.39,163,0,0,7.3,4,613519.801297917,5842714.50266308
'163,'163,613520.107829865,5842713.47365444,613519.797782777,5842714.50369385,613496.905537372,5842743.23546881,613524.050307603,5842708.41659852,0.39,163,0,0,7.3,4,613519.797782777,5842714.50369385
'163,'163,613520.106001251,5842713.47600002,613519.797782777,5842714.50369385,613496.905537372,5842743.23546881,613524.050307603,5842708.41659852,0.39,163,0,0,7.3,4,613519.797782777,5842714.50369385
'163,'163,613520.106001251,5842713.47600002,613519.797782777,5842714.50369385,613496.905537372,5842743.23546881,613524.050307603,5842708.41659852,0.39,163,0,0,7.3,4,613519.797782777,5842714.50369385
'163,'163,613520.106308117,5842713.4756064,613519.798129095,5842714.50333099,613496.905537372,5842743.23546881,613524.050307603,5842708.41659852,0.39,163,0,0,7.3,4,613519.798129095,5842714.50333099
'163,'163,613520.106308117,5842713.4756064,613519.798129095,5842714.50333099,613496.905537372,5842743.23546881,613524.050307603,5842708.41659852,0.39,163,0,0,7.3,4,613519.798129095,5842714.50333099
'163,'163,613520.106308117,5842713.4756064,613519.798129095,5842714.50333099,613496.905537372,5842743.23546881,613524.050307603,5842708.41659852,0.39,163,0,0,7.3,4,613519.798129095,5842714.50333099
'163,'163,613520.105676435,5842713.47641667,613519.797878017,5842714.50443797,613496.905537372,5842743.23546881,613524.050307603,5842708.41659852,0.39,163,0,0,7.3,4,613519.797878017,5842714.50443797
'163,'163,613520.105676435,5842713.47641667,613519.797878017,5842714.50443797,613496.905537372,5842743.23546881,613524.050307603,5842708.41659852,0.39,163,0,0,7.3,4,613519.797878017,5842714.50443797
'163,'163,613520.1076953,5842713.47382705,613519.798968913,5842714.50112491,613496.905537372,5842743.23546881,613524.050307603,5842708.41659852,0.39,163,0,0,7.3,4,613519.798968913,5842714.50112491
'163,'163,613520.1076953,5842713.47382705,613519.798968913,5842714.50112491,613496.905537372,5842743.23546881,613524.050307603,5842708.41659852,0.39,163,0,0,7.3,4,613519.798968913,5842714.50112491
'163,'163,613520.1076953,5842713.47382705,613519.798968913,5842714.50112491,613496.905537372,5842743.23546881,613524.050307603,5842708.41659852,0.39,163,0,0,7.3,4,613519.798968913,5842714.50112491
'163,'163,613520.107165886,5842713.47450613,613519.800713505,5842714.50357681,613496.905537372,5842743.23546881,613524.050307603,5842708.41659852,0.39,163,0,0,7.3,4,613519.800713505,5842714.50357681
'163,'163,613520.107165886,5842713.47450613,613519.800713505,5842714.50357681,613496.905537372,5842743.23546881,613524.050307603,5842708.41659852,0.39,163,0,0,7.3,4,613519.800713505,5842714.50357681
'163,'163,613520.107165886,5842713.47450613,613519.800713505,5842714.50357681,613496.905537372,5842743.23546881,613524.050307603,5842708.41659852,0.39,163,0,0,7.3,4,613519.800713505,5842714.50357681
'163,'163,613520.106467838,5842713.47540153,613519.797583639,5842714.50257636,613496.905537372,5842743.23546881,613524.050307603,5842708.41659852,0.39,163,0,0,7.3,4,613519.797583639,5842714.50257636
'163,'163,613520.106467838,5842713.47540153,613519.797583639,5842714.50257636,613496.905537372,5842743.23546881,613524.050307603,5842708.41659852,0.39,163,0,0,7.3,4,613519.797583639,5842714.50257636
'163,'163,613520.107110264,5842713.47457748,613519.79982606,5842714.50299966,613496.905537372,5842743.23546881,613524.050307603,5842708.41659852,0.39,163,0,0,7.3,4,613519.79982606,5842714.50299966
'148,'148,613510.154820464,5842728.24626931,613509.619893859,5842729.09711543,613497.90518758,5842743.98593497,613525.19272446,5842708.92392852,0.1,148,0,0,24.8,5,613509.619893859,5842729.09711543
'148,'148,613510.154820464,5842728.24626931,613509.619893859,5842729.09711543,613497.90518758,5842743.98593497,613525.19272446,5842708.92392852,0.1,148,0,0,24.8,5,613509.619893859,5842729.09711543
'146,'146,613510.402940222,5842727.92745796,613509.84200354,5842728.75806134,613497.90518758,5842743.98593497,613525.19272446,5842708.92392852,0.07,146,0,0,24.4,5,613509.84200354,5842728.75806134
'146,'146,613510.402940222,5842727.92745796,613509.84200354,5842728.75806134,613497.90518758,5842743.98593497,613525.19272446,5842708.92392852,0.07,146,0,0,24.4,5,613509.84200354,5842728.75806134
'146,'146,613510.402940222,5842727.92745796,613509.84200354,5842728.75806134,613497.90518758,5842743.98593497,613525.19272446,5842708.92392852,0.07,146,0,0,24.4,5,613509.84200354,5842728.75806134
'145,'145,613510.65078217,5842727.60900356,613510.071953068,5842728.42568191,613497.90518758,5842743.98593497,613525.19272446,5842708.92392852,0.04,145,0,0,24,5,613510.071953068,5842728.42568191
'145,'145,613510.65078217,5842727.60900356,613510.071953068,5842728.42568191,613497.90518758,5842743.98593497,613525.19272446,5842708.92392852,0.04,145,0,0,24,5,613510.071953068,5842728.42568191
'146,'146,613510.840983267,5842727.36461243,613510.278271201,5842728.1938341,613497.90518758,5842743.98593497,613525.19272446,5842708.92392852,0.07,146,0,0,23.7,5,613510.278271201,5842728.1938341
'146,'146,613510.840983267,5842727.36461243,613510.278271201,5842728.1938341,613497.90518758,5842743.98593497,613525.19272446,5842708.92392852,0.07,146,0,0,23.7,5,613510.278271201,5842728.1938341
'146,'146,613510.840983267,5842727.36461243,613510.278271201,5842728.1938341,613497.90518758,5842743.98593497,613525.19272446,5842708.92392852,0.07,146,0,0,23.7,5,613510.278271201,5842728.1938341
'147,'147,613510.943577845,5842727.23278772,613510.393066546,5842728.07150481,613497.90518758,5842743.98593497,613525.19272446,5842708.92392852,0.08,147,0,0,23.5,5,613510.393066546,5842728.07150481
'147,'147,613510.943577845,5842727.23278772,613510.393066546,5842728.07150481,613497.90518758,5842743.98593497,613525.19272446,5842708.92392852,0.08,147,0,0,23.5,5,613510.393066546,5842728.07150481
'147,'147,613510.943577845,5842727.23278772,613510.382988711,5842728.07868848,613497.90518758,5842743.98593497,613525.19272446,5842708.92392852,0.08,147,0,0,23.5,5,613510.382988711,5842728.07868848
'147,'147,613510.93629446,5842727.2421462,613510.382988711,5842728.07868848,613497.90518758,5842743.98593497,613525.19272446,5842708.92392852,0.08,147,0,0,23.5,5,613510.382988711,5842728.07868848
'147,'147,613510.93629446,5842727.2421462,613510.382988711,5842728.07868848,613497.90518758,5842743.98593497,613525.19272446,5842708.92392852,0.08,147,0,0,23.5,5,613510.382988711,5842728.07868848
'146,'146,613510.940576182,5842727.23664458,613510.385845808,5842728.07207812,613497.90518758,5842743.98593497,613525.19272446,5842708.92392852,0.08,146,0,0,23.5,5,613510.385845808,5842728.07207812
'146,'146,613510.940576182,5842727.23664458,613510.385845808,5842728.07207812,613497.90518758,5842743.98593497,613525.19272446,5842708.92392852,0.08,146,0,0,23.5,5,613510.385845808,5842728.07207812
'146,'146,613510.940576182,5842727.23664458,613510.385845808,5842728.07207812,613497.90518758,5842743.98593497,613525.19272446,5842708.92392852,0.08,146,0,0,23.5,5,613510.385845808,5842728.07207812
'146,'146,613510.934940134,5842727.24388639,613510.380270114,5842728.0793669,613497.90518758,5842743.98593497,613525.19272446,5842708.92392852,0.08,146,0,0,23.5,5,613510.380270114,5842728.0793669
'146,'146,613510.934940134,5842727.24388639,613510.380270114,5842728.0793669,613497.90518758,5842743.98593497,613525.19272446,5842708.92392852,0.08,146,0,0,23.5,5,613510.380270114,5842728.0793669
'146,'146,613510.934660964,5842727.2442451,613510.379261461,5842728.07915788,613497.90518758,5842743.98593497,613525.19272446,5842708.92392852,0.07,146,0,0,23.5,5,613510.379261461,5842728.07915788
'146,'146,613510.934660964,5842727.2442451,613510.379261461,5842728.07915788,613497.90518758,5842743.98593497,613525.19272446,5842708.92392852,0.07,146,0,0,23.5,5,613510.379261461,5842728.07915788
'146,'146,613510.934660964,5842727.2442451,613510.379261461,5842728.07915788,613497.90518758,5842743.98593497,613525.19272446,5842708.92392852,0.07,146,0,0,23.5,5,613510.379261461,5842728.07915788
'146,'146,613510.935475518,5842727.24319847,613510.38173331,5842728.07940106,613497.90518758,5842743.98593497,613525.19272446,5842708.92392852,0.08,146,0,0,23.5,5,613510.38173331,5842728.07940106
'146,'146,613510.935475518,5842727.24319847,613510.38173331,5842728.07940106,613497.90518758,5842743.98593497,613525.19272446,5842708.92392852,0.08,146,0,0,23.5,5,613510.38173331,5842728.07940106
'146,'146,613510.935475518,5842727.24319847,613510.38173331,5842728.07940106,613497.90518758,5842743.98593497,613525.19272446,5842708.92392852,0.08,146,0,0,23.5,5,613510.38173331,5842728.07940106
'146,'146,613510.935745234,5842727.24285191,613510.380750625,5842728.0780798,613497.90518758,5842743.98593497,613525.19272446,5842708.92392852,0.07,146,0,0,23.5,5,613510.380750625,5842728.0780798
'146,'146,613510.935745234,5842727.24285191,613510.380750625,5842728.0780798,613497.90518758,5842743.98593497,613525.19272446,5842708.92392852,0.07,146,0,0,23.5,5,613510.380750625,5842728.0780798
'146,'146,613510.932908982,5842727.24649624,613510.378404336,5842728.08210545,613497.90518758,5842743.98593497,613525.19272446,5842708.92392852,0.08,146,0,0,23.5,5,613510.378404336,5842728.08210545
'146,'146,613510.932908982,5842727.24649624,613510.378404336,5842728.08210545,613497.90518758,5842743.98593497,613525.19272446,5842708.92392852,0.08,146,0,0,23.5,5,613510.378404336,5842728.08210545
'146,'146,613510.932908982,5842727.24649624,613510.378404336,5842728.08210545,613497.90518758,5842743.98593497,613525.19272446,5842708.92392852,0.08,146,0,0,23.5,5,613510.378404336,5842728.08210545
'146,'146,613510.933947344,5842727.24516204,613510.378785278,5842728.0802596,613497.90518758,5842743.98593497,613525.19272446,5842708.92392852,0.07,146,0,0,23.5,5,613510.378785278,5842728.0802596
'146,'146,613510.933947344,5842727.24516204,613510.378785278,5842728.0802596,613497.90518758,5842743.98593497,613525.19272446,5842708.92392852,0.07,146,0,0,23.5,5,613510.378785278,5842728.0802596
'147,'147,613510.928727856,5842727.2518686,613510.375330789,5842728.08833981,613497.90518758,5842743.98593497,613525.19272446,5842708.92392852,0.08,147,0,0,23.5,5,613510.375330789,5842728.08833981
'147,'147,613510.928727856,5842727.2518686,613510.375330789,5842728.08833981,613497.90518758,5842743.98593497,613525.19272446,5842708.92392852,0.08,147,0,0,23.5,5,613510.375330789,5842728.08833981
'147,'147,613510.928727856,5842727.2518686,613510.375330789,5842728.08833981,613497.90518758,5842743.98593497,613525.19272446,5842708.92392852,0.08,147,0,0,23.5,5,613510.375330789,5842728.08833981
'147,'147,613510.930027159,5842727.25019912,613510.377161942,5842728.08708424,613497.90518758,5842743.98593497,613525.19272446,5842708.92392852,0.08,147,0,0,23.5,5,613510.377161942,5842728.08708424
'147,'147,613510.930027159,5842727.25019912,613510.377161942,5842728.08708424,613497.90518758,5842743.98593497,613525.19272446,5842708.92392852,0.08,147,0,0,23.5,5,613510.377161942,5842728.08708424
'147,'147,613510.928984072,5842727.25153939,613510.375785332,5842728.08816495,613497.90518758,5842743.98593497,613525.19272446,5842708.92392852,0.08,147,0,0,23.5,5,613510.375785332,5842728.08816495
'147,'147,613510.928984072,5842727.25153939,613510.375785332,5842728.08816495,613497.90518758,5842743.98593497,613525.19272446,5842708.92392852,0.08,147,0,0,23.5,5,613510.375785332,5842728.08816495
'147,'147,613510.928984072,5842727.25153939,613510.375785332,5842728.08816495,613497.90518758,5842743.98593497,613525.19272446,5842708.92392852,0.08,147,0,0,23.5,5,613510.375785332,5842728.08816495
'146,'146,613510.926421923,5842727.25483152,613510.371239909,5842728.08991356,613497.90518758,5842743.98593497,613525.19272446,5842708.92392852,0.07,146,0,0,23.5,5,613510.371239909,5842728.08991356
'146,'146,613510.926421923,5842727.25483152,613510.371239909,5842728.08991356,613497.90518758,5842743.98593497,613525.19272446,5842708.92392852,0.07,146,0,0,23.5,5,613510.371239909,5842728.08991356
'146,'146,613510.925209714,5842727.2563891,613510.370629533,5842728.09193952,613497.90518758,5842743.98593497,613525.19272446,5842708.92392852,0.08,146,0,0,23.5,5,613510.370629533,5842728.09193952
'146,'146,613510.925209714,5842727.2563891,613510.370629533,5842728.09193952,613497.90518758,5842743.98593497,613525.19272446,5842708.92392852,0.08,146,0,0,23.5,5,613510.370629533,5842728.09193952
'146,'146,613510.925209714,5842727.2563891,613510.370629533,5842728.09193952,613497.90518758,5842743.98593497,613525.19272446,5842708.92392852,0.08,146,0,0,23.5,5,613510.370629533,5842728.09193952
'146,'146,613510.92507705,5842727.25655956,613510.370512651,5842728.09212227,613497.90518758,5842743.98593497,613525.19272446,5842708.92392852,0.08,146,0,0,23.5,5,613510.370512651,5842728.09212227
'146,'146,613510.92507705,5842727.25655956,613510.370512651,5842728.09212227,613497.90518758,5842743.98593497,613525.19272446,5842708.92392852,0.08,146,0,0,23.5,5,613510.370512651,5842728.09212227
'147,'147,613510.925109458,5842727.25651792,613510.373058101,5842728.09403644,613497.90518758,5842743.98593497,613525.19272446,5842708.92392852,0.08,147,0,0,23.5,5,613510.373058101,5842728.09403644
'147,'147,613510.925109458,5842727.25651792,613510.373058101,5842728.09403644,613497.90518758,5842743.98593497,613525.19272446,5842708.92392852,0.08,147,0,0,23.5,5,613510.373058101,5842728.09403644
'147,'147,613510.925109458,5842727.25651792,613510.373058101,5842728.09403644,613497.90518758,5842743.98593497,613525.19272446,5842708.92392852,0.08,147,0,0,23.5,5,613510.373058101,5842728.09403644
'146,'146,613510.925772442,5842727.25566604,613510.371430392,5842728.0914018,613497.90518758,5842743.98593497,613525.19272446,5842708.92392852,0.08,146,0,0,23.5,5,613510.371430392,5842728.0914018
'146,'146,613510.925772442,5842727.25566604,613510.371430392,5842728.0914018,613497.90518758,5842743.98593497,613525.19272446,5842708.92392852,0.08,146,0,0,23.5,5,613510.371430392,5842728.0914018
'146,'146,613510.921129183,5842727.26163221,613510.367339535,5842728.09779788,613497.90518758,5842743.98593497,613525.19272446,5842708.92392852,0.08,146,0,0,23.5,5,613510.367339535,5842728.09779788
'146,'146,613510.921129183,5842727.26163221,613510.367339535,5842728.09779788,613497.90518758,5842743.98593497,613525.19272446,5842708.92392852,0.08,146,0,0,23.5,5,613510.367339535,5842728.09779788
'146,'146,613510.921129183,5842727.26163221,613510.367339535,5842728.09779788,613497.90518758,5842743.98593497,613525.19272446,5842708.92392852,0.08,146,0,0,23.5,5,613510.367339535,5842728.09779788
'147,'147,613510.919322517,5842727.26395361,613510.367807084,5842728.10188923,613497.90518758,5842743.98593497,613525.19272446,5842708.92392852,0.08,147,0,0,23.5,5,613510.367807084,5842728.10188923
'147,'147,613510.919322517,5842727.26395361,613510.367807084,5842728.10188923,613497.90518758,5842743.98593497,613525.19272446,5842708.92392852,0.08,147,0,0,23.5,5,613510.367807084,5842728.10188923
'147,'147,613510.919322517,5842727.26395361,613510.367807084,5842728.10188923,613497.90518758,5842743.98593497,613525.19272446,5842708.92392852,0.08,147,0,0,23.5,5,613510.367807084,5842728.10188923
'147,'147,613510.921253072,5842727.26147302,613510.369889313,5842728.09952668,613497.90518758,5842743.98593497,613525.19272446,5842708.92392852,0.08,147,0,0,23.5,5,613510.369889313,5842728.09952668
'147,'147,613510.921253072,5842727.26147302,613510.369889313,5842728.09952668,613497.90518758,5842743.98593497,613525.19272446,5842708.92392852,0.08,147,0,0,23.5,5,613510.369889313,5842728.09952668
'147,'147,613510.921408692,5842727.26127306,613510.370560306,5842728.09972782,613497.90518758,5842743.98593497,613525.19272446,5842708.92392852,0.08,147,0,0,23.5,5,613510.370560306,5842728.09972782
'147,'147,613510.921408692,5842727.26127306,613510.370560306,5842728.09972782,613497.90518758,5842743.98593497,613525.19272446,5842708.92392852,0.08,147,0,0,23.5,5,613510.370560306,5842728.09972782
'147,'147,613510.921408692,5842727.26127306,613510.370560306,5842728.09972782,613497.90518758,5842743.98593497,613525.19272446,5842708.92392852,0.08,147,0,0,23.5,5,613510.370560306,5842728.09972782
'147,'147,613510.921413419,5842727.26126699,613510.371555976,5842728.10049296,613497.90518758,5842743.98593497,613525.19272446,5842708.92392852,0.08,147,0,0,23.5,5,613510.371555976,5842728.10049296
'147,'147,613510.921413419,5842727.26126699,613510.371555976,5842728.10049296,613497.90518758,5842743.98593497,613525.19272446,5842708.92392852,0.08,147,0,0,23.5,5,613510.371555976,5842728.10049296
'147,'147,613510.919048073,5842727.26430624,613510.3677941,5842728.10244535,613497.90518758,5842743.98593497,613525.19272446,5842708.92392852,0.08,147,0,0,23.5,5,613510.3677941,5842728.10244535
'147,'147,613510.919048073,5842727.26430624,613510.3677941,5842728.10244535,613497.90518758,5842743.98593497,613525.19272446,5842708.92392852,0.08,147,0,0,23.5,5,613510.3677941,5842728.10244535
'147,'147,613510.919048073,5842727.26430624,613510.3677941,5842728.10244535,613497.90518758,5842743.98593497,613525.19272446,5842708.92392852,0.08,147,0,0,23.5,5,613510.3677941,5842728.10244535
'146,'146,613510.917473989,5842727.2663288,613510.363737845,5842728.10253611,613497.90518758,5842743.98593497,613525.19272446,5842708.92392852,0.08,146,0,0,23.5,5,613510.363737845,5842728.10253611
'146,'146,613510.917473989,5842727.2663288,613510.363737845,5842728.10253611,613497.90518758,5842743.98593497,613525.19272446,5842708.92392852,0.08,146,0,0,23.5,5,613510.363737845,5842728.10253611
'147,'147,613510.913393797,5842727.27157147,613510.362659965,5842728.11011538,613497.90518758,5842743.98593497,613525.19272446,5842708.92392852,0.08,147,0,0,23.6,5,613510.362659965,5842728.11011538
'147,'147,613510.913393797,5842727.27157147,613510.362659965,5842728.11011538,613497.90518758,5842743.98593497,613525.19272446,5842708.92392852,0.08,147,0,0,23.6,5,613510.362659965,5842728.11011538
'147,'147,613510.913393797,5842727.27157147,613510.362659965,5842728.11011538,613497.90518758,5842743.98593497,613525.19272446,5842708.92392852,0.08,147,0,0,23.6,5,613510.362659965,5842728.11011538
'147,'147,613510.910653413,5842727.27509262,613510.359101556,5842728.11299989,613497.90518758,5842743.98593497,613525.19272446,5842708.92392852,0.08,147,0,0,23.6,5,613510.359101556,5842728.11299989
'147,'147,613510.910653413,5842727.27509262,613510.359101556,5842728.11299989,613497.90518758,5842743.98593497,613525.19272446,5842708.92392852,0.08,147,0,0,23.6,5,613510.359101556,5842728.11299989
'147,'147,613510.910612569,5842727.2751451,613510.36120112,5842728.11471818,613497.90518758,5842743.98593497,613525.19272446,5842708.92392852,0.08,147,0,0,23.6,5,613510.36120112,5842728.11471818
'147,'147,613510.910612569,5842727.2751451,613510.36120112,5842728.11471818,613497.90518758,5842743.98593497,613525.19272446,5842708.92392852,0.08,147,0,0,23.6,5,613510.36120112,5842728.11471818
'147,'147,613510.910612569,5842727.2751451,613510.36120112,5842728.11471818,613497.90518758,5842743.98593497,613525.19272446,5842708.92392852,0.08,147,0,0,23.6,5,613510.36120112,5842728.11471818
'147,'147,613510.912277796,5842727.27300544,613510.363049585,5842728.11272112,613497.90518758,5842743.98593497,613525.19272446,5842708.92392852,0.08,147,0,0,23.6,5,613510.363049585,5842728.11272112
'147,'147,613510.912277796,5842727.27300544,613510.363049585,5842728.11272112,613497.90518758,5842743.98593497,613525.19272446,5842708.92392852,0.08,147,0,0,23.6,5,613510.363049585,5842728.11272112
'147,'147,613510.912277796,5842727.27300544,613510.363049585,5842728.11272112,613497.90518758,5842743.98593497,613525.19272446,5842708.92392852,0.08,147,0,0,23.6,5,613510.363049585,5842728.11272112
'147,'147,613510.908668172,5842727.27764347,613510.358344001,5842728.11650621,613497.90518758,5842743.98593497,613525.19272446,5842708.92392852,0.08,147,0,0,23.6,5,613510.358344001,5842728.11650621
'147,'147,613510.908668172,5842727.27764347,613510.358344001,5842728.11650621,613497.90518758,5842743.98593497,613525.19272446,5842708.92392852,0.08,147,0,0,23.6,5,613510.358344001,5842728.11650621
'147,'147,613510.909894222,5842727.27606811,613510.359729268,5842728.11505476,613497.90518758,5842743.98593497,613525.19272446,5842708.92392852,0.08,147,0,0,23.6,5,613510.359729268,5842728.11505476
'147,'147,613510.909894222,5842727.27606811,613510.359729268,5842728.11505476,613497.90518758,5842743.98593497,613525.19272446,5842708.92392852,0.08,147,0,0,23.6,5,613510.359729268,5842728.11505476
'147,'147,613510.909894222,5842727.27606811,613510.359729268,5842728.11505476,613497.90518758,5842743.98593497,613525.19272446,5842708.92392852,0.08,147,0,0,23.6,5,613510.359729268,5842728.11505476
'147,'147,613510.910662528,5842727.27508091,613510.358880777,5842728.11280926,613497.90518758,5842743.98593497,613525.19272446,5842708.92392852,0.08,147,0,0,23.6,5,613510.358880777,5842728.11280926
'147,'147,613510.910662528,5842727.27508091,613510.358880777,5842728.11280926,613497.90518758,5842743.98593497,613525.19272446,5842708.92392852,0.08,147,0,0,23.6,5,613510.358880777,5842728.11280926
'147,'147,613510.910091025,5842727.27581524,613510.360512814,5842728.11525853,613497.90518758,5842743.98593497,613525.19272446,5842708.92392852,0.08,147,0,0,23.6,5,613510.360512814,5842728.11525853
'147,'147,613510.910091025,5842727.27581524,613510.360512814,5842728.11525853,613497.90518758,5842743.98593497,613525.19272446,5842708.92392852,0.08,147,0,0,23.6,5,613510.360512814,5842728.11525853
'147,'147,613510.910091025,5842727.27581524,613510.360512814,5842728.11525853,613497.90518758,5842743.98593497,613525.19272446,5842708.92392852,0.08,147,0,0,23.6,5,613510.360512814,5842728.11525853
'147,'147,613510.906312279,5842727.28067058,613510.356573464,5842728.11998888,613497.90518758,5842743.98593497,613525.19272446,5842708.92392852,0.08,147,0,0,23.6,5,613510.356573464,5842728.11998888
'147,'147,613510.906312279,5842727.28067058,613510.356573464,5842728.11998888,613497.90518758,5842743.98593497,613525.19272446,5842708.92392852,0.08,147,0,0,23.6,5,613510.356573464,5842728.11998888
'147,'147,613510.903663716,5842727.28407375,613510.355231501,5842728.12440892,613497.90518758,5842743.98593497,613525.19272446,5842708.92392852,0.08,147,0,0,23.6,5,613510.355231501,5842728.12440892
'147,'147,613510.903663716,5842727.28407375,613510.355231501,5842728.12440892,613497.90518758,5842743.98593497,613525.19272446,5842708.92392852,0.08,147,0,0,23.6,5,613510.355231501,5842728.12440892
'147,'147,613510.903663716,5842727.28407375,613510.355231501,5842728.12440892,613497.90518758,5842743.98593497,613525.19272446,5842708.92392852,0.08,147,0,0,23.6,5,613510.355231501,5842728.12440892
'147,'147,613510.901824642,5842727.28643679,613510.3531536,5842728.1265861,613497.90518758,5842743.98593497,613525.19272446,5842708.92392852,0.08,147,0,0,23.6,5,613510.3531536,5842728.1265861
'147,'147,613510.901824642,5842727.28643679,613510.3531536,5842728.1265861,613497.90518758,5842743.98593497,613525.19272446,5842708.92392852,0.08,147,0,0,23.6,5,613510.3531536,5842728.1265861
'147,'147,613510.901824642,5842727.28643679,613510.3531536,5842728.1265861,613497.90518758,5842743.98593497,613525.19272446,5842708.92392852,0.08,147,0,0,23.6,5,613510.3531536,5842728.1265861
'147,'147,613510.902629743,5842727.28540231,613510.353634111,5842728.125299,613497.90518758,5842743.98593497,613525.19272446,5842708.92392852,0.08,147,0,0,23.6,5,613510.353634111,5842728.125299
'147,'147,613510.902629743,5842727.28540231,613510.353634111,5842728.125299,613497.90518758,5842743.98593497,613525.19272446,5842708.92392852,0.08,147,0,0,23.6,5,613510.353634111,5842728.125299
