Currentx,CurrentY
613530.194276127,5842712.62908927
613530.194670068,5842712.63150963
613530.194670068,5842712.63150963
613530.194670068,5842712.63150963
613530.194488248,5842712.62965065
613530.194488248,5842712.62965065
613530.194488248,5842712.62965065
613530.194674396,5842712.63132426
613530.194674396,5842712.63132426
613530.195838895,5842712.62968219
613530.195838895,5842712.62968219
613530.195838895,5842712.62968219
613530.193994744,5842712.63149386
613530.193994744,5842712.63149386
613530.194068334,5842712.62834252
613530.194068334,5842712.62834252
613530.194068334,5842712.62834252
613530.194496906,5842712.6292799
613530.194496906,5842712.6292799
613530.194496906,5842712.6292799
613530.193769636,5842712.63148861
613530.193769636,5842712.63148861
613530.194367036,5842712.63001877
613530.194367036,5842712.63001877
613530.194367036,5842712.63001877
613530.194553185,5842712.63169238
613530.194553185,5842712.63169238
613530.193349723,5842712.63018048
613530.193349723,5842712.63018048
613530.193349723,5842712.63018048
613530.194574829,5842712.63076551
613530.194574829,5842712.63076551
613530.194224181,5842712.63131375
613530.194224181,5842712.63131375
613530.194224181,5842712.63131375
613530.194102969,5842712.63168186
613530.194102969,5842712.63168186
613530.194553185,5842712.63169238
613530.194553185,5842712.63169238
613530.194553185,5842712.63169238
613530.195371364,5842712.63041316
613530.195371364,5842712.63041316
613530.195107297,5842712.63207627
613530.195107297,5842712.63207627
613530.195107297,5842712.63207627
613530.193730673,5842712.62833464
613530.193730673,5842712.62833464
613530.193730673,5842712.62833464
613530.195964435,5842712.6291287
613530.195964435,5842712.6291287
613530.195609458,5842712.6298623
613530.195609458,5842712.6298623
613530.195609458,5842712.6298623
613530.197180884,5842712.63008448
613530.197180884,5842712.63008448
613530.195817251,5842712.63060905
613530.195817251,5842712.63060905
613530.195817251,5842712.63060905
613530.195393008,5842712.6294863
613530.195393008,5842712.6294863
613530.195198202,5842712.62818343
613530.195198202,5842712.62818343
613530.195198202,5842712.62818343
613530.195522877,5842712.62874744
613530.195522877,5842712.62874744
613530.195518548,5842712.62893281
613530.195518548,5842712.62893281
613530.195518548,5842712.62893281
613530.195955778,5842712.62949944
613530.195955778,5842712.62949944
613530.194717685,5842712.62947053
613530.194717685,5842712.62947053
613530.194717685,5842712.62947053
613530.193808596,5842712.62982025
613530.193808596,5842712.62982025
613530.193908163,5842712.630379
613530.193908163,5842712.630379
613530.193908163,5842712.630379
613530.195059675,5842712.62929304
613530.195059675,5842712.62929304
613530.19455318,5842712.62687005
613530.19455318,5842712.62687005
613530.19455318,5842712.62687005
613530.194990409,5842712.62743668
613530.194990409,5842712.62743668
613530.195276125,5842712.62966904
613530.195276125,5842712.62966904
613530.195276125,5842712.62966904
613530.194657081,5842712.63206575
613530.194657081,5842712.63206575
613530.193587817,5842712.62962962
613530.193587817,5842712.62962962
613530.193587817,5842712.62962962
613530.195228508,5842712.63170815
613530.195228508,5842712.63170815
613530.193696042,5842712.62981762
613530.193696042,5842712.62981762
613530.193696042,5842712.62981762
613530.192687386,5842712.62960859
613530.192687386,5842712.62960859
613530.194133271,5842712.63038425
613530.194133271,5842712.63038425
613530.194730675,5842712.63373674
613530.194730675,5842712.63373674
613530.194730675,5842712.63373674
613530.195557512,5842712.63208678
613530.195557512,5842712.63208678
613530.195323742,5842712.62762994
613530.195323742,5842712.62762994
613530.195323742,5842712.62762994
613530.194150586,5842712.62964276
613530.194150586,5842712.62964276
613530.195111626,5842712.63189089
613530.195111626,5842712.63189089
613530.195111626,5842712.63189089
613530.19513327,5842712.63096403
613530.19513327,5842712.63096403
613530.193012061,5842712.6301726
613530.193012061,5842712.6301726
613530.195107297,5842712.63207627
613530.195107297,5842712.63207627
613530.195107297,5842712.63207627
613530.194778293,5842712.63169764
613530.194778293,5842712.63169764
613530.193401668,5842712.62795601
613530.193401668,5842712.62795601
613530.193401668,5842712.62795601
613530.194111627,5842712.63131112
613530.194111627,5842712.63131112
613530.194111627,5842712.63131112
613530.193470934,5842712.62981237
613530.193470934,5842712.62981237
613530.19556617,5842712.63171603
613530.19556617,5842712.63171603
613530.19556617,5842712.63171603
613530.193020718,5842712.62980185
613530.193020718,5842712.62980185
613530.194102969,5842712.63168186
613530.194102969,5842712.63168186
613530.194102969,5842712.63168186
613530.19435405,5842712.63057488
613530.19435405,5842712.63057488
613530.19435405,5842712.63057488
613530.193929807,5842712.62945213
613530.193929807,5842712.62945213
613530.192003404,5842712.62996357
613530.192003404,5842712.62996357
613530.192003404,5842712.62996357
613530.192903836,5842712.6299846
613530.192903836,5842712.6299846
613530.192778295,5842712.63053809
613530.192778295,5842712.63053809
613530.192778295,5842712.63053809
613530.19305102,5842712.62850424
613530.19305102,5842712.62850424
613530.19305102,5842712.62850424
613530.193102971,5842712.63110209
613530.193102971,5842712.63110209
613530.193838898,5842712.62852264
613530.193838898,5842712.62852264
613530.193838898,5842712.62852264
613530.193371367,5842712.62925362
613530.193371367,5842712.62925362
613530.193254484,5842712.62943636
613530.193254484,5842712.62943636
613530.193254484,5842712.62943636
613530.19326747,5842712.62888024
613530.19326747,5842712.62888024
613530.192345395,5842712.62978608
613530.192345395,5842712.62978608
613530.194189546,5842712.6279744
613530.194189546,5842712.6279744
613530.194189546,5842712.6279744
613530.192890849,5842712.63054071
613530.192890849,5842712.63054071
613530.193133272,5842712.62980448
613530.193133272,5842712.62980448
613530.193133272,5842712.62980448
613530.191916824,5842712.6288487
613530.191916824,5842712.6288487
613530.191916824,5842712.6288487
613530.192860547,5842712.63183832
613530.192860547,5842712.63183832
613530.194232838,5842712.630943
613530.194232838,5842712.630943
613530.194232838,5842712.630943
613530.19254453,5842712.63090358
613530.19254453,5842712.63090358
613530.192496908,5842712.62812035
613530.192496908,5842712.62812035
613530.192548859,5842712.6307182
613530.192548859,5842712.6307182
613530.192548859,5842712.6307182
613530.192440634,5842712.6305302
613530.192440634,5842712.6305302
613530.192916822,5842712.62942848
613530.192916822,5842712.62942848
613530.192916822,5842712.62942848
613530.192470936,5842712.62923259
613530.192470936,5842712.62923259
613530.192470936,5842712.62923259
613530.193414659,5842712.63222221
613530.193414659,5842712.63222221
613530.193427646,5842712.63166609
613530.193427646,5842712.63166609
613530.193427646,5842712.63166609
613530.193038034,5842712.62906036
613530.193038034,5842712.62906036
613530.193224182,5842712.63073397
613530.193224182,5842712.63073397
613530.193224182,5842712.63073397
613530.191652756,5842712.6305118
613530.191652756,5842712.6305118
613530.191652756,5842712.6305118
613530.192159247,5842712.62811247
613530.192159247,5842712.62811247
613530.191778297,5842712.62995831
613530.191778297,5842712.62995831
613530.191397343,5842712.62698183
613530.191397343,5842712.62698183
613530.191397343,5842712.62698183
613530.193709028,5842712.6292615
613530.193709028,5842712.6292615
613530.191319424,5842712.63031854
613530.191319424,5842712.63031854
613530.191319424,5842712.63031854
613530.192141931,5842712.62885396
613530.192141931,5842712.62885396
613530.192652755,5842712.63109158
613530.192652755,5842712.63109158
613530.192652755,5842712.63109158
613530.193345394,5842712.63036585
613530.193345394,5842712.63036585
613530.191293451,5842712.63143078
613530.191293451,5842712.63143078
613530.191293451,5842712.63143078
613530.192825913,5842712.62849898
613530.192825913,5842712.62849898
613530.194146258,5842712.62982813
613530.194146258,5842712.62982813
613530.194146258,5842712.62982813
613530.192756651,5842712.63146495
613530.192756651,5842712.63146495
613530.190795613,5842712.62863705
613530.190795613,5842712.62863705
613530.190795613,5842712.62863705
613530.191882193,5842712.63033169
613530.191882193,5842712.63033169
613530.192120287,5842712.62978082
613530.192120287,5842712.62978082
613530.192120287,5842712.62978082
613530.192323751,5842712.63071294
613530.192323751,5842712.63071294
613530.192869205,5842712.63146758
613530.192869205,5842712.63146758
613530.192869205,5842712.63146758
613530.192994745,5842712.63091409
613530.192994745,5842712.63091409
613530.190674402,5842712.62900516
613530.190674402,5842712.62900516
613530.190674402,5842712.62900516
613530.191808599,5842712.6286607
613530.191808599,5842712.6286607
613530.191916819,5842712.62402638
613530.191916819,5842712.62402638
613530.191916819,5842712.62402638
613530.190375695,5842712.62250659
613530.190375695,5842712.62250659
613530.192795606,5842712.62497427
613530.192795606,5842712.62497427
613530.192795606,5842712.62497427
613530.188773968,5842712.62358204
613530.188773968,5842712.62358204
613530.192747989,5842712.62701337
613530.192747989,5842712.62701337
613530.192747989,5842712.62701337
613530.191864873,5842712.62625085
613530.191864873,5842712.62625085
613530.189180891,5842712.62062395
613530.189180891,5842712.62062395
613530.189180891,5842712.62062395
613530.161245866,5842712.60643201
613530.161245866,5842712.60643201
613530.161245866,5842712.60643201
613530.002562124,5842712.53929429
613530.002562124,5842712.53929429
613529.846895675,5842712.45868743
613529.846895675,5842712.45868743
613529.846895675,5842712.45868743
613529.712151261,5842712.37912556
613529.712151261,5842712.37912556
613529.670259545,5842712.35978538
613529.670259545,5842712.35978538
613529.670259545,5842712.35978538
613529.739432613,5842712.3971972
613529.739432613,5842712.3971972
613529.739432613,5842712.3971972
613529.724675056,5842712.38776435
613529.724675056,5842712.38776435
613529.665164317,5842712.36096471
613529.665164317,5842712.36096471
613529.669164307,5842712.35846149
613529.669164307,5842712.35846149
613529.669164307,5842712.35846149
613529.659194627,5842712.35618846
613529.659194627,5842712.35618846
613529.659194627,5842712.35618846
613529.660025792,5842712.35435313
613529.660025792,5842712.35435313
613529.580134129,5842712.31780385
613529.580134129,5842712.31780385
613529.580134129,5842712.31780385
613529.578549722,5842712.32296013
613529.578549722,5842712.32296013
613529.574367897,5842712.30913739
613529.574367897,5842712.30913739
613529.574367897,5842712.30913739
613529.563913395,5842712.33244847
613529.563913395,5842712.33244847
613529.563913395,5842712.33244847
613529.648852669,5842712.36985751
613529.648852669,5842712.36985751
613529.681852617,5842712.3793454
613529.681852617,5842712.3793454
613529.681852617,5842712.3793454
613529.77841515,5842712.32410335
613529.77841515,5842712.32410335
613529.654151191,5842712.20565119
613529.654151191,5842712.20565119
613529.654151191,5842712.20565119
613529.667133855,5842712.20910742
613529.667133855,5842712.20910742
613529.659276715,5842712.19835192
613529.659276715,5842712.19835192
613529.659276715,5842712.19835192
613529.655982345,5842712.19475098
613529.655982345,5842712.19475098
613529.654761567,5842712.19398058
613529.654761567,5842712.19398058
613529.654761567,5842712.19398058
613529.655099229,5842712.19398847
613529.655099229,5842712.19398847
613529.653926073,5842712.19600128
613529.653926073,5842712.19600128
613529.653926073,5842712.19600128
613529.654631703,5842712.19954177
613529.654631703,5842712.19954177
613529.654631703,5842712.19954177
613529.653687979,5842712.19655215
613529.653687979,5842712.19655215
613529.652895773,5842712.19671912
613529.652895773,5842712.19671912
613529.652895773,5842712.19671912
613529.627397971,5842712.18425336
613529.627397971,5842712.18425336
613529.543307159,5842712.12980051
613529.543307159,5842712.12980051
613529.437212022,5842712.04348871
613529.437212022,5842712.04348871
613529.437212022,5842712.04348871
613529.164489396,5842711.8878135
613529.164489396,5842711.8878135
613529.164489396,5842711.8878135
613528.811022247,5842711.68388426
613528.811022247,5842711.68388426
613528.414866768,5842711.43203326
613528.414866768,5842711.43203326
613528.414866768,5842711.43203326
613528.006672279,5842711.16042639
613528.006672279,5842711.16042639
613527.660451438,5842710.72816237
613527.660451438,5842710.72816237
613527.660451438,5842710.72816237
613527.278503451,5842710.38390619
613527.278503451,5842710.38390619
613526.899988339,5842710.06143068
613526.899988339,5842710.06143068
613526.899988339,5842710.06143068
613526.461369369,5842709.74237402
613526.461369369,5842709.74237402
613526.082438645,5842709.46180601
613526.082438645,5842709.46180601
613526.082438645,5842709.46180601
613525.703559866,5842709.20312519
613525.703559866,5842709.20312519
613525.300642045,5842708.90808656
613525.300642045,5842708.90808656
613525.300642045,5842708.90808656
613524.857468833,5842708.62490569
613524.857468833,5842708.62490569
613524.434382104,5842708.33032355
613524.434382104,5842708.33032355
613524.434382104,5842708.33032355
613524.006243445,5842708.06400101
613524.006243445,5842708.06400101
613523.631767063,5842707.81451139
613523.631767063,5842707.81451139
613523.631767063,5842707.81451139
613523.21227332,5842707.54449584
613523.21227332,5842707.54449584
613522.80959785,5842707.33552307
613522.80959785,5842707.33552307
613522.377030765,5842707.1913247
613522.377030765,5842707.1913247
613522.377030765,5842707.1913247
613521.893173661,5842707.04926727
613521.893173661,5842707.04926727
613521.47238589,5842706.96005889
613521.47238589,5842706.96005889
613521.47238589,5842706.96005889
613521.018676141,5842706.90142694
613521.018676141,5842706.90142694
613520.613802102,5842706.93129364
613520.613802102,5842706.93129364
613520.613802102,5842706.93129364
613520.146469434,5842707.02202126
613520.146469434,5842707.02202126
613519.719271078,5842707.15430487
613519.719271078,5842707.15430487
613519.719271078,5842707.15430487
613519.314362988,5842707.35443608
613519.314362988,5842707.35443608
613519.314362988,5842707.35443608
613519.054593308,5842707.55072276
613519.054593308,5842707.55072276
613518.691966904,5842707.8354901
613518.691966904,5842707.8354901
613518.691966904,5842707.8354901
613518.342249479,5842708.07864173
613518.342249479,5842708.07864173
613517.886060338,5842708.31912187
613517.886060338,5842708.31912187
613517.527732582,5842708.55483902
613517.527732582,5842708.55483902
613517.527732582,5842708.55483902
613517.191937316,5842708.79497728
613517.191937316,5842708.79497728
613516.801947478,5842709.0700176
613516.801947478,5842709.0700176
613516.801947478,5842709.0700176
613516.376788833,5842709.32717318
613516.376788833,5842709.32717318
613516.016591222,5842709.59474832
613516.016591222,5842709.59474832
613515.615107969,5842709.85560982
613515.615107969,5842709.85560982
613515.615107969,5842709.85560982
613515.213053412,5842710.13611826
613515.213053412,5842710.13611826
613514.879150265,5842710.40616217
613514.879150265,5842710.40616217
613514.879150265,5842710.40616217
613514.555511165,5842710.66587374
613514.555511165,5842710.66587374
613514.15766486,5842711.02660532
613514.15766486,5842711.02660532
613514.15766486,5842711.02660532
613513.848952436,5842711.33674344
613513.848952436,5842711.33674344
613513.505214311,5842711.68556977
613513.505214311,5842711.68556977
613513.505214311,5842711.68556977
613513.157554181,5842712.03838497
613513.157554181,5842712.03838497
613512.853170956,5842712.36568785
613512.853170956,5842712.36568785
613512.514212042,5842712.68346618
613512.514212042,5842712.68346618
613512.514212042,5842712.68346618
613512.16295903,5842713.04547127
613512.16295903,5842713.04547127
613512.16295903,5842713.04547127
613511.793558927,5842713.40816551
613511.793558927,5842713.40816551
613511.417621868,5842713.72285486
613511.417621868,5842713.72285486
613511.417621868,5842713.72285486
613511.023758568,5842714.05289098
613511.023758568,5842714.05289098
613510.630830092,5842714.32359725
613510.630830092,5842714.32359725
613510.630830092,5842714.32359725
613510.193756764,5842714.16501324
613510.193756764,5842714.16501324
613510.193756764,5842714.16501324
613509.832920321,5842713.80882461
613509.832920321,5842713.80882461
613509.298552297,5842713.5583851
613509.298552297,5842713.5583851
613509.298552297,5842713.5583851
613508.871699419,5842713.3623886
613508.871699419,5842713.3623886
613508.466019802,5842713.20008634
613508.466019802,5842713.20008634
613508.466019802,5842713.20008634
613508.061019889,5842713.05208149
613508.061019889,5842713.05208149
613508.061019889,5842713.05208149
613507.570833679,5842712.84830032
613507.570833679,5842712.84830032
613507.091764187,5842712.62660229
613507.091764187,5842712.62660229
613507.091764187,5842712.62660229
613506.684053712,5842712.38728104
613506.684053712,5842712.38728104
613506.257975526,5842712.19185928
613506.257975526,5842712.19185928
613506.257975526,5842712.19185928
613505.833914849,5842712.03543422
613505.833914849,5842712.03543422
613505.386269731,5842711.87141057
613505.386269731,5842711.87141057
613505.386269731,5842711.87141057
613504.938365708,5842711.84871214
613504.938365708,5842711.84871214
613504.938365708,5842711.84871214
613504.491626352,5842711.85330564
613504.491626352,5842711.85330564
613504.001675318,5842711.91438729
613504.001675318,5842711.91438729
613504.001675318,5842711.91438729
613503.539953782,5842711.99152239
613503.539953782,5842711.99152239
613503.062843298,5842712.16344646
613503.062843298,5842712.16344646
613503.062843298,5842712.16344646
613502.645293265,5842712.65429267
613502.645293265,5842712.65429267
613502.148854227,5842712.87269051
613502.148854227,5842712.87269051
613502.148854227,5842712.87269051
613501.702021528,5842713.14176808
613501.702021528,5842713.14176808
613501.289448896,5842713.46283637
613501.289448896,5842713.46283637
613501.289448896,5842713.46283637
613500.968954466,5842713.84837363
613500.968954466,5842713.84837363
613500.968954466,5842713.84837363
613500.75196179,5842714.20461119
613500.75196179,5842714.20461119
613500.480497311,5842714.54492462
613500.480497311,5842714.54492462
613500.480497311,5842714.54492462
613500.233595741,5842714.90881028
613500.233595741,5842714.90881028
613499.922106031,5842715.32831411
613499.922106031,5842715.32831411
613499.922106031,5842715.32831411
613499.655317618,5842715.75776429
613499.655317618,5842715.75776429
613499.655317618,5842715.75776429
613499.39361124,5842716.15283495
613499.39361124,5842716.15283495
613499.132558622,5842716.55367059
613499.132558622,5842716.55367059
613498.830066897,5842716.67458584
613498.830066897,5842716.67458584
613498.830066897,5842716.67458584
613498.576577094,5842717.07467069
613498.576577094,5842717.07467069
613498.326836583,5842717.52158254
613498.326836583,5842717.52158254
613498.326836583,5842717.52158254
613498.068675971,5842717.93361418
613498.068675971,5842717.93361418
613497.850021913,5842718.36585744
613497.850021913,5842718.36585744
613497.600822297,5842718.76548607
613497.600822297,5842718.76548607
613497.600822297,5842718.76548607
613497.339276686,5842719.19709897
613497.339276686,5842719.19709897
613497.087254542,5842719.58256571
613497.087254542,5842719.58256571
613497.087254542,5842719.58256571
613496.827120211,5842720.00679262
613496.827120211,5842720.00679262
613496.827120211,5842720.00679262
613496.587574559,5842720.42704882
613496.587574559,5842720.42704882
613496.333946827,5842720.85717735
613496.333946827,5842720.85717735
613496.333946827,5842720.85717735
613496.075712941,5842721.26753811
613496.075712941,5842721.26753811
613495.77485147,5842721.66596078
613495.77485147,5842721.66596078
613495.512725895,5842722.0741905
613495.512725895,5842722.0741905
613495.512725895,5842722.0741905
613495.220262497,5842722.44090772
613495.220262497,5842722.44090772
613494.939093919,5842722.86408726
613494.939093919,5842722.86408726
613494.939093919,5842722.86408726
613494.650583243,5842723.26409663
613494.650583243,5842723.26409663
613494.650583243,5842723.26409663
613494.3713969,5842723.62166467
613494.3713969,5842723.62166467
613494.073180697,5842724.01773802
613494.073180697,5842724.01773802
613494.073180697,5842724.01773802
613493.785670037,5842724.40386024
613493.785670037,5842724.40386024
613493.517358325,5842724.77318157
613493.517358325,5842724.77318157
613493.517358325,5842724.77318157
613493.22739325,5842725.16314147
613493.22739325,5842725.16314147
613492.930606455,5842725.63788925
613492.930606455,5842725.63788925
613492.930606455,5842725.63788925
613492.631840495,5842726.00928181
613492.631840495,5842726.00928181
613492.349087233,5842726.35081591
613492.349087233,5842726.35081591
613492.349087233,5842726.35081591
613492.06813091,5842726.73597838
613492.06813091,5842726.73597838
613491.79019194,5842727.12213867
613491.79019194,5842727.12213867
613491.79019194,5842727.12213867
613491.519348297,5842727.51792379
613491.519348297,5842727.51792379
613491.210310314,5842727.9385982
613491.210310314,5842727.9385982
613491.210310314,5842727.9385982
613490.94330215,5842728.32445729
613490.94330215,5842728.32445729
613490.80946554,5842729.09846926
613490.80946554,5842729.09846926
613490.409610839,5842729.12085113
613490.409610839,5842729.12085113
613490.409610839,5842729.12085113
613490.140945003,5842729.52948486
613490.140945003,5842729.52948486
613490.140945003,5842729.52948486
613489.887374361,5842729.93791457
613489.887374361,5842729.93791457
613489.642903151,5842730.33283162
613489.642903151,5842730.33283162
613489.642903151,5842730.33283162
613489.396895395,5842730.75015518
613489.396895395,5842730.75015518
613489.151099761,5842731.16321779
613489.151099761,5842731.16321779
613489.151099761,5842731.16321779
613488.946230216,5842731.56462354
613488.946230216,5842731.56462354
613488.724595011,5842732.01367571
613488.724595011,5842732.01367571
613488.724595011,5842732.01367571
613488.509128425,5842732.43968763
613488.509128425,5842732.43968763
613488.509128425,5842732.43968763
613488.343427838,5842732.8709417
613488.343427838,5842732.8709417
613488.118294888,5842733.31546087
613488.118294888,5842733.31546087
613488.118294888,5842733.31546087
613488.016170036,5842733.7826972
613488.016170036,5842733.7826972
613488.003369181,5842734.23940643
613488.003369181,5842734.23940643
613488.003369181,5842734.23940643
613488.147359055,5842734.65136698
613488.147359055,5842734.65136698
613488.268530593,5842735.0325626
613488.268530593,5842735.0325626
613488.268530593,5842735.0325626
613488.437688786,5842735.41320914
613488.437688786,5842735.41320914
613488.664115323,5842735.8346985
613488.664115323,5842735.8346985
613488.893260276,5842736.24104247
613488.893260276,5842736.24104247
613488.893260276,5842736.24104247
613489.14843967,5842736.65133272
613489.14843967,5842736.65133272
613489.380463327,5842737.05978412
613489.380463327,5842737.05978412
613489.380463327,5842737.05978412
613489.706974306,5842737.34264962
613489.706974306,5842737.34264962
613490.044216886,5842737.63856336
613490.044216886,5842737.63856336
613490.440223142,5842738.19106121
613490.440223142,5842738.19106121
613490.440223142,5842738.19106121
613490.827555697,5842738.43491326
613490.827555697,5842738.43491326
613490.827555697,5842738.43491326
613491.158097279,5842738.77666822
613491.158097279,5842738.77666822
613491.54429173,5842739.07891809
613491.54429173,5842739.07891809
613491.54429173,5842739.07891809
613491.917217463,5842739.33690089
613491.917217463,5842739.33690089
613492.266862426,5842739.65146626
613492.266862426,5842739.65146626
613492.266862426,5842739.65146626
613492.593000783,5842739.93580706
613492.593000783,5842739.93580706
613493.006956956,5842740.26448603
613493.006956956,5842740.26448603
613493.006956956,5842740.26448603
613493.370545047,5842740.53653247
613493.370545047,5842740.53653247
613493.760416723,5842740.57512426
613493.760416723,5842740.57512426
613493.760416723,5842740.57512426
613494.149214883,5842741.16621824
613494.149214883,5842741.16621824
613494.525958626,5842741.44395064
613494.525958626,5842741.44395064
613494.525958626,5842741.44395064
613494.870784476,5842741.6754968
613494.870784476,5842741.6754968
613495.299211848,5842741.97279774
613495.299211848,5842741.97279774
613495.299211848,5842741.97279774
613495.696029433,5842742.32166447
613495.696029433,5842742.32166447
613496.0504527,5842742.58107041
613496.0504527,5842742.58107041
613496.0504527,5842742.58107041
613496.437776152,5842742.8494053
613496.437776152,5842742.8494053
613496.437776152,5842742.8494053
613496.816290335,5842743.14776683
613496.816290335,5842743.14776683
613497.174358707,5842743.43915949
613497.174358707,5842743.43915949
613497.174358707,5842743.43915949
613497.565526392,5842743.7405986
613497.565526392,5842743.7405986
613497.905187578,5842743.98593497
613497.905187578,5842743.98593497
613497.905187578,5842743.98593497
613498.300207914,5842744.28152892
613498.300207914,5842744.28152892
613498.631505403,5842744.51850923
613498.631505403,5842744.51850923
613498.631505403,5842744.51850923
613499.055123172,5842744.8674455
613499.055123172,5842744.8674455
613499.055123172,5842744.8674455
613499.409221333,5842745.11664303
613499.409221333,5842745.11664303
613499.763730949,5842745.40127574
613499.763730949,5842745.40127574
613499.763730949,5842745.40127574
613500.160257621,5842745.70951725
613500.160257621,5842745.70951725
613500.526031118,5842745.99404204
613500.526031118,5842745.99404204
613500.526031118,5842745.99404204
613500.925157326,5842745.98351439
613500.925157326,5842745.98351439
613501.246511229,5842746.26533294
613501.246511229,5842746.26533294
613501.246511229,5842746.26533294
613501.66353554,5842746.59760832
613501.66353554,5842746.59760832
613502.034325924,5842746.84571197
613502.034325924,5842746.84571197
613502.034325924,5842746.84571197
613502.424856429,5842747.10688875
613502.424856429,5842747.10688875
613502.789538751,5842747.38508212
613502.789538751,5842747.38508212
613502.789538751,5842747.38508212
613503.146257477,5842747.95131631
613503.146257477,5842747.95131631
613503.518476622,5842748.26362746
613503.518476622,5842748.26362746
613503.518476622,5842748.26362746
613503.951321001,5842748.26074981
613503.951321001,5842748.26074981
613504.314864608,5842748.53465082
613504.314864608,5842748.53465082
613504.314864608,5842748.53465082
613504.70769347,5842748.78419658
613504.70769347,5842748.78419658
613505.08123255,5842749.05443606
613505.08123255,5842749.05443606
613505.08123255,5842749.05443606
613505.462944414,5842749.27849786
613505.462944414,5842749.27849786
613505.462944414,5842749.27849786
613505.843474397,5842749.49529861
613505.843474397,5842749.49529861
613506.220350766,5842749.72388443
613506.220350766,5842749.72388443
613506.220350766,5842749.72388443
613506.587534658,5842749.97208971
613506.587534658,5842749.97208971
613506.905969743,5842750.15702304
613506.905969743,5842750.15702304
613506.905969743,5842750.15702304
613507.302724616,5842750.3879278
613507.302724616,5842750.3879278
613507.302724616,5842750.3879278
613507.742240964,5842750.62502425
613507.742240964,5842750.62502425
613508.171090679,5842750.85593653
613508.171090679,5842750.85593653
613508.171090679,5842750.85593653
613508.56126512,5842751.02622321
613508.56126512,5842751.02622321
613508.910557825,5842751.40402829
613508.910557825,5842751.40402829
613508.910557825,5842751.40402829
613509.248029739,5842751.21734525
613509.248029739,5842751.21734525
613509.641915397,5842750.75117162
613509.641915397,5842750.75117162
613509.641915397,5842750.75117162
613509.979945268,5842750.44412898
613509.979945268,5842750.44412898
613510.205010744,5842750.0990233
613510.205010744,5842750.0990233
613510.205010744,5842750.0990233
613510.41614149,5842749.79124352
613510.41614149,5842749.79124352
613510.653682928,5842749.40859244
613510.653682928,5842749.40859244
613510.653682928,5842749.40859244
613510.904457944,5842749.00417893
613510.904457944,5842749.00417893
613510.904457944,5842749.00417893
613511.144986303,5842748.59006701
613511.144986303,5842748.59006701
613511.418124919,5842748.20694878
613511.418124919,5842748.20694878
613511.418124919,5842748.20694878
613511.69713808,5842747.84715198
613511.69713808,5842747.84715198
613511.990020955,5842747.40940897
613511.990020955,5842747.40940897
613511.990020955,5842747.40940897
613512.256415231,5842747.04022934
613512.256415231,5842747.04022934
613512.54418588,5842746.64780815
613512.54418588,5842746.64780815
613512.54418588,5842746.64780815
613512.789541265,5842746.22954311
613512.789541265,5842746.22954311
613512.789541265,5842746.22954311
613513.03121289,5842745.84847236
613513.03121289,5842745.84847236
613513.331243303,5842745.45670841
613513.331243303,5842745.45670841
613513.331243303,5842745.45670841
613513.607399512,5842745.06494346
613513.607399512,5842745.06494346
613513.908360758,5842744.67672529
613513.908360758,5842744.67672529
613513.908360758,5842744.67672529
613514.190027814,5842744.28045219
613514.190027814,5842744.28045219
613514.491898217,5842743.887062
613514.491898217,5842743.887062
613514.491898217,5842743.887062
613514.751202014,5842743.51771694
613514.751202014,5842743.51771694
613515.033851987,5842743.15169911
613515.033851987,5842743.15169911
613515.033851987,5842743.15169911
613515.3562936,5842742.70685655
613515.3562936,5842742.70685655
613515.60202599,5842742.27728652
613515.60202599,5842742.27728652
613515.60202599,5842742.27728652
613515.859386181,5842741.88990514
613515.859386181,5842741.88990514
613515.859386181,5842741.88990514
613516.087608028,5842741.47717537
613516.087608028,5842741.47717537
613516.299163673,5842741.15122928
613516.299163673,5842741.15122928
613516.299163673,5842741.15122928
613516.600029881,5842740.68993224
613516.600029881,5842740.68993224
613516.808347198,5842740.26635119
613516.808347198,5842740.26635119
613516.808347198,5842740.26635119
613516.791298304,5842739.84381409
613516.791298304,5842739.84381409
613516.736596031,5842739.42781676
613516.736596031,5842739.42781676
613516.736596031,5842739.42781676
613516.516505672,5842739.10162214
613516.516505672,5842739.10162214
613516.516505672,5842739.10162214
613516.376279828,5842738.58161716
613516.376279828,5842738.58161716
613516.223824964,5842738.16574855
613516.223824964,5842738.16574855
613516.223824964,5842738.16574855
613516.03734426,5842737.72645763
613516.03734426,5842737.72645763
613515.897824089,5842737.24857176
613515.897824089,5842737.24857176
613515.897824089,5842737.24857176
613515.822714625,5842736.75160221
613515.822714625,5842736.75160221
613516.190091691,5842736.37420861
613516.190091691,5842736.37420861
613516.190091691,5842736.37420861
613516.485392064,5842736.19470222
613516.485392064,5842736.19470222
613516.485392064,5842736.19470222
613516.714380697,5842735.86007495
613516.714380697,5842735.86007495
613517.047684462,5842735.46129821
613517.047684462,5842735.46129821
613517.33744341,5842735.15257251
613517.33744341,5842735.15257251
613517.33744341,5842735.15257251
613517.631453111,5842734.73896774
613517.631453111,5842734.73896774
613517.631453111,5842734.73896774
613517.864974229,5842734.37421409
613517.864974229,5842734.37421409
613517.707535276,5842733.52069569
613517.707535276,5842733.52069569
613517.707535276,5842733.52069569
613517.433458654,5842733.38928659
613517.433458654,5842733.38928659
613517.009327158,5842733.39997097
613517.009327158,5842733.39997097
613517.009327158,5842733.39997097
613516.59585258,5842733.11340379
613516.59585258,5842733.11340379
613516.59585258,5842733.11340379
613516.265602752,5842732.88460758
613516.265602752,5842732.88460758
613515.878712408,5842732.61702311
613515.878712408,5842732.61702311
613515.878712408,5842732.61702311
613515.524125037,5842732.39841619
613515.524125037,5842732.39841619
613515.113135065,5842732.09706923
613515.113135065,5842732.09706923
613515.113135065,5842732.09706923
613514.716833408,5842731.8322327
613514.716833408,5842731.8322327
613514.327224263,5842731.55568213
613514.327224263,5842731.55568213
613514.327224263,5842731.55568213
613513.9001693,5842731.25266186
613513.9001693,5842731.25266186
613513.509170625,5842731.01632679
613513.509170625,5842731.01632679
613513.509170625,5842731.01632679
613513.144647989,5842730.78914174
613513.144647989,5842730.78914174
613513.144647989,5842730.78914174
613512.713025845,5842730.49361938
613512.713025845,5842730.49361938
613512.288589927,5842730.23758535
613512.288589927,5842730.23758535
613512.288589927,5842730.23758535
613511.882716162,5842729.87626453
613511.882716162,5842729.87626453
613511.521924594,5842729.57126761
613511.521924594,5842729.57126761
613511.521924594,5842729.57126761
613511.165345358,5842729.32701909
613511.165345358,5842729.32701909
613510.789995439,5842729.04264089
613510.789995439,5842729.04264089
613510.789995439,5842729.04264089
613510.381190881,5842728.7103712
613510.381190881,5842728.7103712
613510.297868731,5842728.2419585
613510.297868731,5842728.2419585
613510.297868731,5842728.2419585
613510.702306025,5842727.79179656
613510.702306025,5842727.79179656
613511.025155704,5842727.47902077
613511.025155704,5842727.47902077
613511.025155704,5842727.47902077
613511.281161887,5842727.22681813
613511.281161887,5842727.22681813
613511.281161887,5842727.22681813
613511.626340373,5842726.87895269
613511.626340373,5842726.87895269
613511.905709803,5842726.55217857
613511.905709803,5842726.55217857
613511.905709803,5842726.55217857
613512.222459785,5842726.16785292
613512.222459785,5842726.16785292
613512.566002024,5842725.81290132
613512.566002024,5842725.81290132
613512.566002024,5842725.81290132
613512.854873667,5842725.47948657
613512.854873667,5842725.47948657
613512.854873667,5842725.47948657
613513.16592686,5842725.09799555
613513.16592686,5842725.09799555
613513.462889439,5842724.76050385
613513.462889439,5842724.76050385
613513.462889439,5842724.76050385
613513.751159222,5842724.36605413
613513.751159222,5842724.36605413
613514.035165036,5842723.9805931
613514.035165036,5842723.9805931
613514.035165036,5842723.9805931
613514.342157747,5842723.58008898
613514.342157747,5842723.58008898
613514.342157747,5842723.58008898
613514.690418819,5842723.20150701
613514.690418819,5842723.20150701
613514.969593659,5842722.82520694
613514.969593659,5842722.82520694
613514.969593659,5842722.82520694
613515.221050171,5842722.48331429
613515.221050171,5842722.48331429
613515.467671054,5842722.0929
613515.467671054,5842722.0929
613515.467671054,5842722.0929
613515.821758957,5842721.66734375
613515.821758957,5842721.66734375
613515.821758957,5842721.66734375
613516.09004214,5842721.26556495
613516.09004214,5842721.26556495
613516.405199926,5842720.93981218
613516.405199926,5842720.93981218
613516.405199926,5842720.93981218
613516.708500592,5842720.59616253
613516.708500592,5842720.59616253
613517.075852936,5842720.22952588
613517.075852936,5842720.22952588
613517.075852936,5842720.22952588
613517.379711948,5842719.8330292
613517.379711948,5842719.8330292
613517.379711948,5842719.8330292
613517.681874193,5842719.4802648
613517.681874193,5842719.4802648
613517.993880597,5842719.12550458
613517.993880597,5842719.12550458
613517.993880597,5842719.12550458
613518.341042741,5842718.76025133
613518.341042741,5842718.76025133
613518.84214442,5842718.5785024
613518.84214442,5842718.5785024
613518.84214442,5842718.5785024
613519.253086068,5842718.33696587
613519.253086068,5842718.33696587
613519.657651192,5842718.10807819
613519.657651192,5842718.10807819
613519.657651192,5842718.10807819
613520.138995215,5842717.8368405
613520.138995215,5842717.8368405
613520.138995215,5842717.8368405
613520.554924136,5842717.64698232
613520.554924136,5842717.64698232
613520.960156153,5842717.45705987
613520.960156153,5842717.45705987
613520.960156153,5842717.45705987
613521.345963971,5842717.25017671
613521.345963971,5842717.25017671
613521.844563523,5842716.97303598
613521.844563523,5842716.97303598
613521.844563523,5842716.97303598
613522.248518648,5842716.8040424
613522.248518648,5842716.8040424
613522.698305248,5842716.80397308
613522.698305248,5842716.80397308
613522.698305248,5842716.80397308
613523.068500042,5842717.25126353
613523.068500042,5842717.25126353
613523.068500042,5842717.25126353
613523.331737886,5842717.48035014
613523.331737886,5842717.48035014
613523.667659389,5842717.67366821
613523.667659389,5842717.67366821
613523.667659389,5842717.67366821
613524.082347049,5842717.9565548
613524.082347049,5842717.9565548
613524.461541218,5842718.21617026
613524.461541218,5842718.21617026
613524.461541218,5842718.21617026
613524.850609683,5842718.42909138
613524.850609683,5842718.42909138
613525.270015704,5842718.65459128
613525.270015704,5842718.65459128
613525.270015704,5842718.65459128
613525.675343733,5842718.8367325
613525.675343733,5842718.8367325
613525.675343733,5842718.8367325
613526.042070061,5842718.97920827
613526.042070061,5842718.97920827
613526.507761289,5842719.04553948
613526.507761289,5842719.04553948
613526.507761289,5842719.04553948
613526.772513076,5842718.66000049
613526.772513076,5842718.66000049
613526.936265275,5842718.31235091
613526.936265275,5842718.31235091
613526.936265275,5842718.31235091
613527.211497732,5842718.00365748
613527.211497732,5842718.00365748
613527.211497732,5842718.00365748
613527.51272571,5842717.61859935
613527.51272571,5842717.61859935
613527.742196427,5842717.27786317
613527.742196427,5842717.27786317
613527.742196427,5842717.27786317
613528.006688689,5842716.91309128
613528.006688689,5842716.91309128
613528.260553261,5842716.50671051
613528.260553261,5842716.50671051
613528.260553261,5842716.50671051
613528.527755515,5842716.11269702
613528.527755515,5842716.11269702
613528.790104988,5842715.69983734
613528.790104988,5842715.69983734
613528.790104988,5842715.69983734
613529.039926414,5842715.30263589
613529.039926414,5842715.30263589
613529.039926414,5842715.30263589
613529.28524571,5842714.89086235
613529.28524571,5842714.89086235
613529.549629935,5842714.47767927
613529.549629935,5842714.47767927
613529.779646335,5842714.08465223
613529.779646335,5842714.08465223
613529.779646335,5842714.08465223
613529.95822996,5842713.67094935
613529.95822996,5842713.67094935
613530.14757985,5842713.28327881
613530.14757985,5842713.28327881
613530.14757985,5842713.28327881
613530.226648562,5842712.85352699
613530.226648562,5842712.85352699
613530.08015932,5842712.47637587
613530.08015932,5842712.47637587
613530.08015932,5842712.47637587
613529.778666144,5842712.23619449
613529.778666144,5842712.23619449
613529.502856884,5842712.00533018
613529.502856884,5842712.00533018
613529.502856884,5842712.00533018
613529.110978404,5842711.65713247
613529.110978404,5842711.65713247
613529.110978404,5842711.65713247
613528.71193547,5842711.38425545
613528.71193547,5842711.38425545
613528.330875059,5842711.04539865
613528.330875059,5842711.04539865
613527.910078813,5842710.76848972
613527.910078813,5842710.76848972
613527.910078813,5842710.76848972
613527.448053138,5842710.48727953
613527.448053138,5842710.48727953
613527.448053138,5842710.48727953
613526.979525098,5842710.10835817
613526.979525098,5842710.10835817
613526.550624761,5842709.80232616
613526.550624761,5842709.80232616
613526.100425749,5842709.52584364
613526.100425749,5842709.52584364
613526.100425749,5842709.52584364
613525.653343515,5842709.22198379
613525.653343515,5842709.22198379
613525.192724456,5842708.92392852
613525.192724456,5842708.92392852
613525.192724456,5842708.92392852
613524.740360751,5842708.62921913
613524.740360751,5842708.62921913
613524.309598795,5842708.37878608
613524.309598795,5842708.37878608
613524.309598795,5842708.37878608
613523.81451219,5842708.12926222
613523.81451219,5842708.12926222
613523.81451219,5842708.12926222
613523.426018474,5842707.86757496
613523.426018474,5842707.86757496
613523.011940327,5842707.60677411
613523.011940327,5842707.60677411
613523.011940327,5842707.60677411
613522.560195644,5842707.40129242
613522.560195644,5842707.40129242
613522.118836308,5842707.2381559
613522.118836308,5842707.2381559
613522.118836308,5842707.2381559
613521.685632815,5842707.08745114
613521.685632815,5842707.08745114
613521.256477117,5842707.00936131
613521.256477117,5842707.00936131
613521.256477117,5842707.00936131
613520.774243617,5842706.96174821
613520.774243617,5842706.96174821
613520.312910793,5842707.00290886
613520.312910793,5842707.00290886
613520.312910793,5842707.00290886
613519.877071458,5842707.04225365
613519.877071458,5842707.04225365
613519.877071458,5842707.04225365
613519.423401429,5842707.22306981
613519.423401429,5842707.22306981
613518.991908953,5842707.41868536
613518.991908953,5842707.41868536
613518.991908953,5842707.41868536
613518.650572355,5842707.64051767
613518.650572355,5842707.64051767
613518.236638538,5842707.88476652
613518.236638538,5842707.88476652
613518.236638538,5842707.88476652
613517.850085498,5842708.07531083
613517.850085498,5842708.07531083
613517.850085498,5842708.07531083
613517.481272943,5842708.32599206
613517.481272943,5842708.32599206
613517.140473297,5842708.55377218
613517.140473297,5842708.55377218
613516.732106936,5842708.85379338
613516.732106936,5842708.85379338
613516.732106936,5842708.85379338
613516.423718579,5842709.08251579
613516.423718579,5842709.08251579
613516.010824067,5842709.35461021
613516.010824067,5842709.35461021
613516.010824067,5842709.35461021
613515.672362454,5842709.64142578
613515.672362454,5842709.64142578
613515.30938574,5842709.92191927
613515.30938574,5842709.92191927
613515.30938574,5842709.92191927
613514.973569117,5842710.18227384
613514.973569117,5842710.18227384
613514.622761435,5842710.49625137
613514.622761435,5842710.49625137
613514.622761435,5842710.49625137
613514.284027609,5842710.86708043
613514.284027609,5842710.86708043
613514.083068495,5842711.24075541
613514.083068495,5842711.24075541
613514.083068495,5842711.24075541
613514.070801958,5842711.67447834
613514.070801958,5842711.67447834
613514.09860451,5842712.0850252
613514.09860451,5842712.0850252
613514.09860451,5842712.0850252
613514.293921595,5842712.43048694
613514.293921595,5842712.43048694
613514.596714294,5842712.697035
613514.596714294,5842712.697035
613514.596714294,5842712.697035
613514.97730708,5842712.819617
613514.97730708,5842712.819617
613515.349579154,5842712.8500096
613515.349579154,5842712.8500096
613515.349579154,5842712.8500096
613515.819322481,5842712.77658692
613515.819322481,5842712.77658692
613515.819322481,5842712.77658692
613516.157234387,5842712.56153701
613516.157234387,5842712.56153701
613516.482838704,5842712.27071179
613516.482838704,5842712.27071179
613516.482838704,5842712.27071179
613516.710521053,5842711.94866624
613516.710521053,5842711.94866624
613516.785722798,5842711.52049323
613516.785722798,5842711.52049323
613516.785722798,5842711.52049323
613516.751738781,5842711.14318735
613516.751738781,5842711.14318735
613516.618676941,5842710.75039943
613516.618676941,5842710.75039943
613516.618676941,5842710.75039943
613516.334602765,5842710.47315986
613516.334602765,5842710.47315986
613516.053740793,5842710.22715496
613516.053740793,5842710.22715496
613516.053740793,5842710.22715496
613515.642597997,5842710.08178816
613515.642597997,5842710.08178816
613515.249680786,5842710.06742069
613515.249680786,5842710.06742069
613515.249680786,5842710.06742069
613514.898252857,5842710.09445533
613514.898252857,5842710.09445533
613514.898252857,5842710.09445533
613514.475496509,5842710.23426207
613514.475496509,5842710.23426207
613514.235688894,5842710.59812722
613514.235688894,5842710.59812722
613514.235688894,5842710.59812722
613513.980140849,5842710.90783739
613513.980140849,5842710.90783739
613513.650047742,5842711.27033643
613513.650047742,5842711.27033643
613513.650047742,5842711.27033643
613513.361595219,5842711.61470391
613513.361595219,5842711.61470391
613513.035948009,5842711.96042865
613513.035948009,5842711.96042865
613513.035948009,5842711.96042865
613512.744448065,5842712.32920759
613512.744448065,5842712.32920759
613512.443684077,5842712.68960938
613512.443684077,5842712.68960938
613512.443684077,5842712.68960938
613512.156279531,5842713.07591853
613512.156279531,5842713.07591853
613511.813745565,5842713.52270339
613511.813745565,5842713.52270339
613511.813745565,5842713.52270339
613511.464388813,5842713.89513934
613511.464388813,5842713.89513934
613511.130361356,5842714.32487377
613511.130361356,5842714.32487377
613511.130361356,5842714.32487377
613510.777939907,5842714.72246269
613510.777939907,5842714.72246269
613510.461500927,5842715.08379693
613510.461500927,5842715.08379693
613510.461500927,5842715.08379693
613510.126083628,5842715.4331887
613510.126083628,5842715.4331887
613510.126083628,5842715.4331887
613509.781233838,5842715.84894545
613509.781233838,5842715.84894545
613509.506310193,5842716.2409249
613509.506310193,5842716.2409249
613509.506310193,5842716.2409249
613509.196728428,5842716.58350096
613509.196728428,5842716.58350096
613508.931843923,5842716.99889909
613508.931843923,5842716.99889909
613508.931843923,5842716.99889909
613508.719747211,5842717.42035202
613508.719747211,5842717.42035202
613508.719747211,5842717.42035202
613508.647468386,5842717.86324582
613508.647468386,5842717.86324582
613508.751028512,5842718.24625649
613508.751028512,5842718.24625649
613508.751028512,5842718.24625649
613508.91953211,5842718.62596111
613508.91953211,5842718.62596111
613509.264904278,5842718.82450662
613509.264904278,5842718.82450662
613509.264904278,5842718.82450662
613509.662249647,5842718.89999799
613509.662249647,5842718.89999799
613510.082737268,5842718.87179329
613510.082737268,5842718.87179329
613510.520665904,5842718.74291246
613510.520665904,5842718.74291246
613510.520665904,5842718.74291246
613510.878036373,5842718.61085248
613510.878036373,5842718.61085248
613511.208518996,5842718.37151715
613511.208518996,5842718.37151715
613511.208518996,5842718.37151715
613511.559538329,5842718.120791
613511.559538329,5842718.120791
613511.559538329,5842718.120791
613511.834167979,5842717.79446263
613511.834167979,5842717.79446263
613512.025641818,5842717.41221976
613512.025641818,5842717.41221976
613512.025641818,5842717.41221976
613512.078219758,5842716.97869614
613512.078219758,5842716.97869614
613512.078219758,5842716.97869614
613512.029642335,5842716.58491333
613512.029642335,5842716.58491333
613511.829411772,5842716.21837838
613511.829411772,5842716.21837838
613511.829411772,5842716.21837838
613511.538679366,5842715.87421297
613511.538679366,5842715.87421297
613511.210467601,5842715.76064414
613511.210467601,5842715.76064414
613511.210467601,5842715.76064414
613510.808992453,5842715.751085
613510.808992453,5842715.751085
613510.410422208,5842715.77145505
613510.410422208,5842715.77145505
613510.410422208,5842715.77145505
613509.969870435,5842715.99820495
613509.969870435,5842715.99820495
613509.638599502,5842716.1700094
613509.638599502,5842716.1700094
613509.638599502,5842716.1700094
613509.165108416,5842716.37985408
613509.165108416,5842716.37985408
613509.165108416,5842716.37985408
613508.806058871,5842716.64170683
613508.806058871,5842716.64170683
613508.543230156,5842716.95940814
613508.543230156,5842716.95940814
613508.543230156,5842716.95940814
613508.325990161,5842717.29245535
613508.325990161,5842717.29245535
613508.05286765,5842717.6989439
613508.05286765,5842717.6989439
613508.05286765,5842717.6989439
613507.803113217,5842718.13194442
613507.803113217,5842718.13194442
613507.543380415,5842718.54857573
613507.543380415,5842718.54857573
613507.543380415,5842718.54857573
613507.293448327,5842718.93613098
613507.293448327,5842718.93613098
613507.016797952,5842719.35867346
613507.016797952,5842719.35867346
613507.016797952,5842719.35867346
613506.74602622,5842719.7513064
613506.74602622,5842719.7513064
613506.470518675,5842720.1538444
613506.470518675,5842720.1538444
613506.470518675,5842720.1538444
613506.191383708,5842720.59598916
613506.191383708,5842720.59598916
613505.888737828,5842720.99845
613505.888737828,5842720.99845
613505.888737828,5842720.99845
613505.617321134,5842721.37048033
613505.617321134,5842721.37048033
613505.30606062,5842721.76569206
613505.30606062,5842721.76569206
613505.30606062,5842721.76569206
613505.026575,5842722.17462884
613505.026575,5842722.17462884
613504.751284177,5842722.57754293
613504.751284177,5842722.57754293
613504.751284177,5842722.57754293
613504.510733466,5842722.97329272
613504.510733466,5842722.97329272
613504.361303636,5842723.37321011
613504.361303636,5842723.37321011
613504.341895001,5842723.78970267
613504.341895001,5842723.78970267
613504.595229179,5842724.11500355
613504.595229179,5842724.11500355
613504.595229179,5842724.11500355
613504.867688177,5842724.33985305
613504.867688177,5842724.33985305
613505.223549235,5842724.54253812
613505.223549235,5842724.54253812
613505.223549235,5842724.54253812
613505.602028566,5842724.63502327
613505.602028566,5842724.63502327
613506.039661984,5842724.47052415
613506.039661984,5842724.47052415
613506.039661984,5842724.47052415
613506.317218299,5842724.31786754
613506.317218299,5842724.31786754
613506.645016205,5842724.05361572
613506.645016205,5842724.05361572
613506.96005228,5842723.78609838
613506.96005228,5842723.78609838
613506.96005228,5842723.78609838
613507.11014014,5842723.35318204
613507.11014014,5842723.35318204
613507.128138016,5842722.98265411
613507.128138016,5842722.98265411
613507.128138016,5842722.98265411
613507.016183461,5842722.50578308
613507.016183461,5842722.50578308
613506.890697469,5842722.20813503
613506.890697469,5842722.20813503
613506.890697469,5842722.20813503
613506.588004232,5842721.88427828
613506.588004232,5842721.88427828
613506.588004232,5842721.88427828
613506.177134958,5842721.74652307
613506.177134958,5842721.74652307
613505.790153628,5842721.71430394
613505.790153628,5842721.71430394
613505.790153628,5842721.71430394
613505.406458644,5842721.79214768
613505.406458644,5842721.79214768
613505.020119569,5842722.02183297
613505.020119569,5842722.02183297
613505.020119569,5842722.02183297
613504.715585436,5842722.25917788
613504.715585436,5842722.25917788
613504.715585436,5842722.25917788
613504.451121258,5842722.63248343
613504.451121258,5842722.63248343
613504.173756728,5842723.00363307
613504.173756728,5842723.00363307
613504.173756728,5842723.00363307
613503.945179781,5842723.35440676
613503.945179781,5842723.35440676
613503.679901995,5842723.74809549
613503.679901995,5842723.74809549
613503.679901995,5842723.74809549
613503.402853848,5842724.15875853
613503.402853848,5842724.15875853
613503.402853848,5842724.15875853
613503.106151989,5842724.54299637
613503.106151989,5842724.54299637
613502.876376385,5842724.94511844
613502.876376385,5842724.94511844
613502.586769941,5842725.34862579
613502.586769941,5842725.34862579
613502.586769941,5842725.34862579
613502.30187778,5842725.74797732
613502.30187778,5842725.74797732
613502.008210782,5842726.1421162
613502.008210782,5842726.1421162
613502.008210782,5842726.1421162
613501.75826642,5842726.51576086
613501.75826642,5842726.51576086
613501.405413777,5842726.92706542
613501.405413777,5842726.92706542
613501.405413777,5842726.92706542
613501.087378961,5842727.30375731
613501.087378961,5842727.30375731
613500.799421891,5842727.67039393
613500.799421891,5842727.67039393
613500.799421891,5842727.67039393
613500.466642492,5842728.02263001
613500.466642492,5842728.02263001
613500.238893022,5842728.39586554
613500.238893022,5842728.39586554
613500.238893022,5842728.39586554
613499.990841042,5842728.82352742
613499.990841042,5842728.82352742
613499.916173199,5842729.21925514
613499.916173199,5842729.21925514
613499.971149849,5842729.64286305
613499.971149849,5842729.64286305
613499.971149849,5842729.64286305
613500.201358816,5842730.00360579
613500.201358816,5842730.00360579
613500.489466596,5842730.18041166
613500.489466596,5842730.18041166
613500.489466596,5842730.18041166
613500.859664725,5842730.34782012
613500.859664725,5842730.34782012
613501.271064072,5842730.21683536
613501.271064072,5842730.21683536
613501.271064072,5842730.21683536
613501.596324739,5842729.98405457
613501.596324739,5842729.98405457
613501.874936074,5842729.70900947
613501.874936074,5842729.70900947
613501.874936074,5842729.70900947
613502.172053353,5842729.36002134
613502.172053353,5842729.36002134
613502.316379175,5842728.99058796
613502.316379175,5842728.99058796
613502.316379175,5842728.99058796
613502.224948516,5842728.58968415
613502.224948516,5842728.58968415
613502.183340197,5842728.20607976
613502.183340197,5842728.20607976
613502.183340197,5842728.20607976
613501.827080543,5842727.92882502
613501.827080543,5842727.92882502
613501.827080543,5842727.92882502
613501.382298305,5842727.77247295
613501.382298305,5842727.77247295
613500.969681588,5842727.79641076
613500.969681588,5842727.79641076
613500.969681588,5842727.79641076
613500.637346366,5842727.89808174
613500.637346366,5842727.89808174
613500.262656939,5842728.07740495
613500.262656939,5842728.07740495
613500.262656939,5842728.07740495
613499.918258025,5842728.34368078
613499.918258025,5842728.34368078
613499.698802714,5842728.68483748
613499.698802714,5842728.68483748
613499.698802714,5842728.68483748
613499.413391111,5842729.02927671
613499.413391111,5842729.02927671
613499.173966598,5842729.41540837
613499.173966598,5842729.41540837
613499.173966598,5842729.41540837
613498.878377827,5842729.78576188
613498.878377827,5842729.78576188
613498.878377827,5842729.78576188
613498.620429913,5842730.2031772
613498.620429913,5842730.2031772
613498.347988365,5842730.58538504
613498.347988365,5842730.58538504
613498.073447678,5842731.01892021
613498.073447678,5842731.01892021
613498.073447678,5842731.01892021
613497.81524868,5842731.41815324
613497.81524868,5842731.41815324
613497.589006067,5842731.79439164
613497.589006067,5842731.79439164
613497.589006067,5842731.79439164
613497.309612766,5842732.23319231
613497.309612766,5842732.23319231
613497.008621843,5842732.61788679
613497.008621843,5842732.61788679
613497.008621843,5842732.61788679
613496.740730507,5842733.02709467
613496.740730507,5842733.02709467
613496.740730507,5842733.02709467
613496.45038879,5842733.3897809
613496.45038879,5842733.3897809
613496.139588657,5842733.7894553
613496.139588657,5842733.7894553
613496.139588657,5842733.7894553
613495.876086479,5842734.12643082
613495.876086479,5842734.12643082
613495.649528372,5842734.53549085
613495.649528372,5842734.53549085
613495.649528372,5842734.53549085
613495.612259179,5842734.95972733
613495.612259179,5842734.95972733
613495.790637345,5842735.3168487
613495.790637345,5842735.3168487
613495.790637345,5842735.3168487
613495.993560069,5842735.58254795
613495.993560069,5842735.58254795
613496.352364539,5842735.81349317
613496.352364539,5842735.81349317
613496.753075961,5842735.8026312
613496.753075961,5842735.8026312
613496.753075961,5842735.8026312
613497.153037352,5842735.64059039
613497.153037352,5842735.64059039
613497.459176092,5842735.36822791
613497.459176092,5842735.36822791
613497.459176092,5842735.36822791
613497.732522712,5842735.07265755
613497.732522712,5842735.07265755
613497.842172954,5842734.70278547
613497.842172954,5842734.70278547
613497.842172954,5842734.70278547
613497.694971986,5842734.31745791
613497.694971986,5842734.31745791
613497.468424893,5842733.89151391
613497.468424893,5842733.89151391
613497.468424893,5842733.89151391
613497.136775737,5842733.62614797
613497.136775737,5842733.62614797
613496.776292613,5842733.54428465
613496.776292613,5842733.54428465
613496.776292613,5842733.54428465
613496.302339474,5842733.61000638
613496.302339474,5842733.61000638
613496.302339474,5842733.61000638
613495.943117508,5842733.71531589
613495.943117508,5842733.71531589
613495.671442555,5842734.09364681
613495.671442555,5842734.09364681
613495.671442555,5842734.09364681
613495.650865731,5842734.49749988
613495.650865731,5842734.49749988
613495.647791088,5842734.91863969
613495.647791088,5842734.91863969
613495.647791088,5842734.91863969
613495.723192102,5842735.34049866
613495.723192102,5842735.34049866
613495.723192102,5842735.34049866
613495.815540498,5842735.69245861
613495.815540498,5842735.69245861
613496.075930876,5842736.02905222
613496.075930876,5842736.02905222
613496.075930876,5842736.02905222
613496.364879179,5842736.32903225
613496.364879179,5842736.32903225
613496.687030824,5842736.64907674
613496.687030824,5842736.64907674
613496.687030824,5842736.64907674
613497.029147355,5842736.929154
613497.029147355,5842736.929154
613497.397423607,5842737.17886783
613497.397423607,5842737.17886783
613497.800318743,5842737.44589707
613497.800318743,5842737.44589707
613497.800318743,5842737.44589707
613498.206776454,5842737.69538948
613498.206776454,5842737.69538948
613498.608103934,5842737.89449869
613498.608103934,5842737.89449869
613498.608103934,5842737.89449869
613499.017344768,5842738.0971312
613499.017344768,5842738.0971312
613499.36643397,5842738.22324247
613499.36643397,5842738.22324247
613499.36643397,5842738.22324247
613499.845128849,5842738.43677023
613499.845128849,5842738.43677023
613500.277464553,5842738.62454768
613500.277464553,5842738.62454768
613500.277464553,5842738.62454768
613500.697925325,5842738.73247956
613500.697925325,5842738.73247956
613501.177766765,5842738.86794964
613501.177766765,5842738.86794964
613501.177766765,5842738.86794964
613501.676387421,5842739.02871172
613501.676387421,5842739.02871172
613502.124311314,5842739.16621884
613502.124311314,5842739.16621884
613502.124311314,5842739.16621884
613502.514114779,5842739.36209176
613502.514114779,5842739.36209176
613502.973125697,5842739.59389316
613502.973125697,5842739.59389316
613502.973125697,5842739.59389316
613503.424314165,5842739.83274546
613503.424314165,5842739.83274546
613503.813403198,5842740.02062642
613503.813403198,5842740.02062642
613503.813403198,5842740.02062642
613504.237933607,5842740.22918057
613504.237933607,5842740.22918057
613504.237933607,5842740.22918057
613504.606023122,5842740.48204367
613504.606023122,5842740.48204367
613505.032813316,5842740.71439134
613505.032813316,5842740.71439134
613505.436815728,5842740.93878805
613505.436815728,5842740.93878805
613505.436815728,5842740.93878805
613505.842835593,5842741.19735914
613505.842835593,5842741.19735914
613505.842835593,5842741.19735914
613506.280746851,5842741.44053859
613506.280746851,5842741.44053859
613506.727536603,5842741.65072551
613506.727536603,5842741.65072551
613506.727536603,5842741.65072551
613507.092517623,5842741.89201683
613507.092517623,5842741.89201683
613507.523030466,5842742.11925837
613507.523030466,5842742.11925837
613507.523030466,5842742.11925837
613507.901634727,5842742.370327
613507.901634727,5842742.370327
613507.901634727,5842742.370327
613508.36062773,5842742.58840343
613508.36062773,5842742.58840343
613508.745668774,5842742.77600481
613508.745668774,5842742.77600481
613508.745668774,5842742.77600481
613509.134501832,5842742.93624459
613509.134501832,5842742.93624459
613509.45075153,5842743.19550216
613509.45075153,5842743.19550216
613509.832048162,5842743.43253778
613509.832048162,5842743.43253778
613509.832048162,5842743.43253778
613510.22344873,5842743.70467847
613510.22344873,5842743.70467847
613510.614519988,5842743.91857265
613510.614519988,5842743.91857265
613510.614519988,5842743.91857265
613511.0164784,5842744.09544076
613511.0164784,5842744.09544076
613511.372548894,5842744.08168298
613511.372548894,5842744.08168298
613511.372548894,5842744.08168298
613511.62769209,5842743.66383189
613511.62769209,5842743.66383189
613511.576824631,5842743.18486298
613511.576824631,5842743.18486298
613511.576824631,5842743.18486298
613511.761112314,5842742.99460349
613511.761112314,5842742.99460349
613511.761112314,5842742.99460349
613511.859305786,5842742.87429779
613511.859305786,5842742.87429779
613512.031013235,5842742.6199415
613512.031013235,5842742.6199415
613512.031013235,5842742.6199415
613512.263286677,5842742.21695081
613512.263286677,5842742.21695081
613512.493872079,5842741.8669663
613512.493872079,5842741.8669663
613512.493872079,5842741.8669663
613512.684150275,5842741.46837385
613512.684150275,5842741.46837385
613512.684150275,5842741.46837385
613512.874302922,5842741.06069024
613512.874302922,5842741.06069024
613513.059087788,5842740.68033147
613513.059087788,5842740.68033147
613513.059087788,5842740.68033147
613513.135405952,5842740.29113403
613513.135405952,5842740.29113403
613513.206013973,5842739.84263704
613513.206013973,5842739.84263704
613513.206013973,5842739.84263704
613513.163991354,5842739.52505161
613513.163991354,5842739.52505161
613513.163991354,5842739.52505161
613513.148756191,5842739.15504604
613513.148756191,5842739.15504604
613513.108083646,5842738.70246701
613513.108083646,5842738.70246701
613513.108083646,5842738.70246701
613513.106012484,5842738.23650776
613513.106012484,5842738.23650776
613512.947938183,5842737.78638082
613512.947938183,5842737.78638082
613512.947938183,5842737.78638082
613512.63053734,5842737.65841181
613512.63053734,5842737.65841181
613512.178523068,5842737.60927934
613512.178523068,5842737.60927934
613512.178523068,5842737.60927934
613511.744401263,5842737.74882087
613511.744401263,5842737.74882087
613511.352166607,5842737.8837762
613511.352166607,5842737.8837762
613511.352166607,5842737.8837762
613511.067542331,5842738.18483221
613511.067542331,5842738.18483221
613510.824766362,5842738.507082
613510.824766362,5842738.507082
613510.824766362,5842738.507082
613510.59108145,5842738.86923551
613510.59108145,5842738.86923551
613510.342202014,5842739.25996822
613510.342202014,5842739.25996822
613510.342202014,5842739.25996822
613510.086612611,5842739.62940023
613510.086612611,5842739.62940023
613509.958928099,5842740.22661316
613509.958928099,5842740.22661316
613509.958928099,5842740.22661316
613509.708880057,5842740.63846266
613509.708880057,5842740.63846266
613509.527697229,5842741.03337263
613509.527697229,5842741.03337263
613509.527697229,5842741.03337263
613509.310627403,5842741.45563677
613509.310627403,5842741.45563677
613509.310627403,5842741.45563677
613509.137838588,5842741.86724992
613509.137838588,5842741.86724992
613508.963707936,5842742.30257243
613508.963707936,5842742.30257243
613508.963707936,5842742.30257243
613508.861481516,5842742.74513798
613508.861481516,5842742.74513798
613508.888733464,5842742.96704483
613508.888733464,5842742.96704483
613508.888733464,5842742.96704483
613509.126170257,5842743.28344302
613509.126170257,5842743.28344302
613509.126170257,5842743.28344302
613509.402043824,5842743.57903818
613509.402043824,5842743.57903818
613509.732985742,5842743.7878189
613509.732985742,5842743.7878189
613509.732985742,5842743.7878189
613510.147649359,5842743.88838278
613510.147649359,5842743.88838278
613510.564265098,5842743.93909975
613510.564265098,5842743.93909975
613510.564265098,5842743.93909975
613510.977953799,5842743.84507864
613510.977953799,5842743.84507864
613511.373975892,5842743.72634797
613511.373975892,5842743.72634797
613511.373975892,5842743.72634797
613511.737132103,5842743.52004809
613511.737132103,5842743.52004809
613511.737132103,5842743.52004809
613512.094578328,5842743.28820497
613512.094578328,5842743.28820497
613512.372470637,5842742.93784121
613512.372470637,5842742.93784121
613512.372470637,5842742.93784121
613512.700557445,5842742.60330189
613512.700557445,5842742.60330189
613512.972679167,5842742.21552313
613512.972679167,5842742.21552313
613512.972679167,5842742.21552313
613513.206619499,5842741.84725506
613513.206619499,5842741.84725506
613513.461507557,5842741.43069641
613513.461507557,5842741.43069641
613513.461507557,5842741.43069641
613513.655798735,5842741.01457765
613513.655798735,5842741.01457765
613513.655798735,5842741.01457765
613513.804886631,5842740.54732545
613513.804886631,5842740.54732545
613513.844598851,5842740.10051825
613513.844598851,5842740.10051825
613513.844598851,5842740.10051825
613513.851333102,5842739.68669734
613513.851333102,5842739.68669734
613513.755630848,5842739.26139642
613513.755630848,5842739.26139642
613513.755630848,5842739.26139642
613513.610102229,5842738.86720461
613513.610102229,5842738.86720461
613513.403041462,5842738.44598069
613513.403041462,5842738.44598069
613513.403041462,5842738.44598069
613513.202326963,5842738.03269487
613513.202326963,5842738.03269487
613512.953703671,5842737.61662118
613512.953703671,5842737.61662118
613512.953703671,5842737.61662118
613512.727604328,5842737.28249653
613512.727604328,5842737.28249653
613512.387393024,5842736.90638705
613512.387393024,5842736.90638705
613512.387393024,5842736.90638705
613512.032277038,5842736.53679213
613512.032277038,5842736.53679213
613511.670949178,5842736.22584749
613511.670949178,5842736.22584749
613511.670949178,5842736.22584749
613511.402750613,5842735.9391487
613511.402750613,5842735.9391487
613511.249482437,5842735.75584577
613511.249482437,5842735.75584577
613511.249482437,5842735.75584577
613511.168101769,5842735.69626323
613511.168101769,5842735.69626323
613511.15650003,5842735.677074
613511.15650003,5842735.677074
613511.15650003,5842735.677074
613511.149668878,5842735.67060838
613511.149668878,5842735.67060838
613511.152114776,5842735.67678614
613511.152114776,5842735.67678614
613511.152114776,5842735.67678614
613511.1526862,5842735.67642853
613511.1526862,5842735.67642853
613511.1526862,5842735.67642853
613511.15150005,5842735.67417515
613511.15150005,5842735.67417515
613511.151677548,5842735.67621951
613511.151677548,5842735.67621951
613511.151976233,5842735.67307342
613511.151976233,5842735.67307342
613511.151976233,5842735.67307342
613511.151746798,5842735.67325354
613511.151746798,5842735.67325354
613511.151746798,5842735.67325354
613511.151759782,5842735.67269742
613511.151759782,5842735.67269742
613511.150703521,5842735.6745275
613511.150703521,5842735.6745275
613511.150703521,5842735.6745275
613511.150508711,5842735.67322463
613511.150508711,5842735.67322463
613511.150950268,5842735.67360589
613511.150950268,5842735.67360589
613511.150950268,5842735.67360589
613511.15029226,5842735.67284863
613511.15029226,5842735.67284863
613511.150162395,5842735.67358749
613511.150162395,5842735.67358749
613511.150162395,5842735.67358749
613511.150937284,5842735.67416201
613511.150937284,5842735.67416201
613511.150958924,5842735.67323514
613511.150958924,5842735.67323514
613511.150958924,5842735.67323514
613511.149608284,5842735.67320361
613511.149608284,5842735.67320361
613511.149608284,5842735.67320361
613511.150504383,5842735.67341
613511.150504383,5842735.67341
613511.150400486,5842735.67303663
613511.150400486,5842735.67303663
613511.150400486,5842735.67303663
613511.150517367,5842735.67285388
613511.150517367,5842735.67285388
613511.150517367,5842735.67285388
613511.150383173,5842735.67377812
613511.150383173,5842735.67377812
613511.148534688,5842735.67095285
613511.148534688,5842735.67095285
613511.150287932,5842735.673034
613511.150287932,5842735.673034
613511.150287932,5842735.673034
613511.151049837,5842735.67416463
613511.151049837,5842735.67416463
613511.150049841,5842735.67358486
613511.150049841,5842735.67358486
613511.150049841,5842735.67358486
613511.150785777,5842735.67582774
613511.150785777,5842735.67582774
613511.148707857,5842735.67318258
613511.148707857,5842735.67318258
613511.148707857,5842735.67318258
613511.14961694,5842735.67283286
613511.14961694,5842735.67283286
613511.14961694,5842735.67283286
613511.149287936,5842735.67245423
613511.149287936,5842735.67245423
613511.148590975,5842735.67336533
613511.148590975,5842735.67336533
613511.148590975,5842735.67336533
613511.149906991,5842735.67487985
613511.149906991,5842735.67487985
613511.148504391,5842735.67225046
613511.148504391,5842735.67225046
613511.148504391,5842735.67225046
613511.14906283,5842735.67244898
613511.14906283,5842735.67244898
613511.149305249,5842735.67171274
613511.149305249,5842735.67171274
613511.149283608,5842735.67263961
613511.149283608,5842735.67263961
613511.149283608,5842735.67263961
613511.149742478,5842735.67227937
613511.149742478,5842735.67227937
613511.149742478,5842735.67227937
613511.147803102,5842735.67334693
613511.147803102,5842735.67334693
613511.149984897,5842735.67154313
613511.149984897,5842735.67154313
613511.149984897,5842735.67154313
613511.148058506,5842735.67205458
613511.148058506,5842735.67205458
613511.148924308,5842735.67355858
613511.148924308,5842735.67355858
613511.148924308,5842735.67355858
613511.149335546,5842735.67041513
613511.149335546,5842735.67041513
613511.149006542,5842735.6700365
613511.149006542,5842735.6700365
613511.149006542,5842735.6700365
613511.150158066,5842735.67377287
613511.150158066,5842735.67377287
613511.148430791,5842735.67057948
613511.148430791,5842735.67057948
613511.148430791,5842735.67057948
613511.148257643,5842735.67317207
613511.148257643,5842735.67317207
613511.148967589,5842735.67170485
613511.148967589,5842735.67170485
613511.148967589,5842735.67170485
613511.146872356,5842735.66980119
613511.146872356,5842735.66980119
613511.14906283,5842735.67244898
613511.14906283,5842735.67244898
613511.14906283,5842735.67244898
613511.14787668,5842735.67019559
613511.14787668,5842735.67019559
613511.147629933,5842735.6711172
613511.147629933,5842735.6711172
613511.147629933,5842735.6711172
613511.148188372,5842735.67131571
613511.148188372,5842735.67131571
613511.148015203,5842735.66908598
613511.148015203,5842735.66908598
613511.148015203,5842735.66908598
613511.147603964,5842735.67222944
613511.147603964,5842735.67222944
613511.147980577,5842735.67056897
613511.147980577,5842735.67056897
613511.147980577,5842735.67056897
613511.147313913,5842735.67018245
613511.147313913,5842735.67018245
613511.146179724,5842735.67052692
613511.146179724,5842735.67052692
613511.146179724,5842735.67052692
613511.148058506,5842735.67205458
613511.148058506,5842735.67205458
613511.148422135,5842735.67095022
613511.148422135,5842735.67095022
613511.148422135,5842735.67095022
613511.148197028,5842735.67094497
613511.148197028,5842735.67094497
613511.148093131,5842735.67057159
613511.148093131,5842735.67057159
613511.148093131,5842735.67057159
613511.148357191,5842735.66890849
613511.148357191,5842735.66890849
613511.148357191,5842735.66890849
613511.148552,5842735.67021136
613511.148552,5842735.67021136
613511.146305261,5842735.66997343
613511.146305261,5842735.66997343
613511.146305261,5842735.66997343
613511.147175391,5842735.67129206
613511.147175391,5842735.67129206
613511.148625601,5842735.67188234
613511.148625601,5842735.67188234
613511.148625601,5842735.67188234
613511.147526036,5842735.67074383
613511.147526036,5842735.67074383
613511.14966455,5842735.67079376
613511.14966455,5842735.67079376
613511.14966455,5842735.67079376
613511.147868024,5842735.67056634
613511.147868024,5842735.67056634
613511.147868024,5842735.67056634
613511.148417806,5842735.6711356
613511.148417806,5842735.6711356
613511.146101795,5842735.66904131
613511.146101795,5842735.66904131
613511.146101795,5842735.66904131
613511.147318242,5842735.66999708
613511.147318242,5842735.66999708
613511.147543348,5842735.67000234
613511.147543348,5842735.67000234
613511.147543348,5842735.67000234
613511.146023867,5842735.66755569
613511.146023867,5842735.66755569
613511.146023867,5842735.66755569
613511.146963269,5842735.67073069
613511.146963269,5842735.67073069
613511.147772783,5842735.66982222
613511.147772783,5842735.66982222
613511.147772783,5842735.66982222
613511.148642913,5842735.67114085
613511.148642913,5842735.67114085
613511.147426467,5842735.67018508
613511.147426467,5842735.67018508
613511.147426467,5842735.67018508
613511.147764127,5842735.67019296
613511.147764127,5842735.67019296
613511.147764127,5842735.67019296
613511.147235985,5842735.66869684
613511.147235985,5842735.66869684
613511.146651578,5842735.66961056
613511.146651578,5842735.66961056
613511.146651578,5842735.66961056
613511.146768459,5842735.66942782
613511.146768459,5842735.66942782
613511.147361523,5842735.66814335
613511.147361523,5842735.66814335
613511.147361523,5842735.66814335
613511.147296601,5842735.67092394
613511.147296601,5842735.67092394
613511.147296601,5842735.67092394
613511.14700655,5842735.66887696
613511.14700655,5842735.66887696
613511.147785768,5842735.6692661
613511.147785768,5842735.6692661
613511.147785768,5842735.6692661
613511.146651578,5842735.66961056
613511.146651578,5842735.66961056
613511.146543353,5842735.66942256
613511.146543353,5842735.66942256
613511.146543353,5842735.66942256
613511.147543348,5842735.67000234
613511.147543348,5842735.67000234
613511.146729484,5842735.66627385
613511.146729484,5842735.66627385
613511.146729484,5842735.66627385
613511.147071494,5842735.67091869
613511.147071494,5842735.67091869
613511.146898325,5842735.66868896
613511.146898325,5842735.66868896
613511.146898325,5842735.66868896
613511.146664562,5842735.66905445
613511.146664562,5842735.66905445
613511.147452436,5842735.66907284
613511.147452436,5842735.66907284
613511.147452436,5842735.66907284
613511.14625763,5842735.6671902
613511.14625763,5842735.6671902
